OBČINE;POLLETJE;STAROST;vrednost
SLOVENIJA;2008H1;Starost - SKUPAJ;2025866
SLOVENIJA;2008H1;0 let;19565
SLOVENIJA;2008H1;1 leto;19260
SLOVENIJA;2008H1;2 leti;18411
SLOVENIJA;2008H1;3 leta;18192
SLOVENIJA;2008H1;4 leta;17522
SLOVENIJA;2008H1;5 let;17981
SLOVENIJA;2008H1;6 let;17973
SLOVENIJA;2008H1;7 let;18665
SLOVENIJA;2008H1;8 let;17902
SLOVENIJA;2008H1;9 let;18307
SLOVENIJA;2008H1;10 let;18592
SLOVENIJA;2008H1;11 let;19293
SLOVENIJA;2008H1;12 let;19333
SLOVENIJA;2008H1;13 let;19915
SLOVENIJA;2008H1;14 let;20170
SLOVENIJA;2008H1;15 let;20376
SLOVENIJA;2008H1;16 let;22005
SLOVENIJA;2008H1;17 let;22604
SLOVENIJA;2008H1;18 let;23674
SLOVENIJA;2008H1;19 let;25909
SLOVENIJA;2008H1;20 let;26541
SLOVENIJA;2008H1;21 let;26161
SLOVENIJA;2008H1;22 let;27081
SLOVENIJA;2008H1;23 let;27574
SLOVENIJA;2008H1;24 let;28281
SLOVENIJA;2008H1;25 let;29450
SLOVENIJA;2008H1;26 let;30634
SLOVENIJA;2008H1;27 let;31217
SLOVENIJA;2008H1;28 let;31496
SLOVENIJA;2008H1;29 let;31396
SLOVENIJA;2008H1;30 let;30915
SLOVENIJA;2008H1;31 let;31421
SLOVENIJA;2008H1;32 let;30724
SLOVENIJA;2008H1;33 let;29994
SLOVENIJA;2008H1;34 let;30074
SLOVENIJA;2008H1;35 let;29942
SLOVENIJA;2008H1;36 let;29268
SLOVENIJA;2008H1;37 let;28279
SLOVENIJA;2008H1;38 let;29159
SLOVENIJA;2008H1;39 let;29765
SLOVENIJA;2008H1;40 let;30958
SLOVENIJA;2008H1;41 let;32123
SLOVENIJA;2008H1;42 let;32230
SLOVENIJA;2008H1;43 let;31219
SLOVENIJA;2008H1;44 let;31303
SLOVENIJA;2008H1;45 let;31365
SLOVENIJA;2008H1;46 let;31559
SLOVENIJA;2008H1;47 let;30838
SLOVENIJA;2008H1;48 let;30646
SLOVENIJA;2008H1;49 let;30413
SLOVENIJA;2008H1;50 let;31097
SLOVENIJA;2008H1;51 let;32199
SLOVENIJA;2008H1;52 let;31926
SLOVENIJA;2008H1;53 let;31202
SLOVENIJA;2008H1;54 let;31449
SLOVENIJA;2008H1;55 let;30667
SLOVENIJA;2008H1;56 let;29010
SLOVENIJA;2008H1;57 let;29369
SLOVENIJA;2008H1;58 let;26649
SLOVENIJA;2008H1;59 let;25142
SLOVENIJA;2008H1;60 let;24182
SLOVENIJA;2008H1;61 let;21819
SLOVENIJA;2008H1;62 let;15870
SLOVENIJA;2008H1;63 let;19340
SLOVENIJA;2008H1;64 let;21423
SLOVENIJA;2008H1;65 let;21326
SLOVENIJA;2008H1;66 let;19918
SLOVENIJA;2008H1;67 let;19829
SLOVENIJA;2008H1;68 let;19209
SLOVENIJA;2008H1;69 let;18279
SLOVENIJA;2008H1;70 let;17760
SLOVENIJA;2008H1;71 let;17932
SLOVENIJA;2008H1;72 let;17088
SLOVENIJA;2008H1;73 let;16583
SLOVENIJA;2008H1;74 let;16019
SLOVENIJA;2008H1;75 let;15867
SLOVENIJA;2008H1;76 let;14871
SLOVENIJA;2008H1;77 let;14953
SLOVENIJA;2008H1;78 let;12921
SLOVENIJA;2008H1;79 let;12125
SLOVENIJA;2008H1;80 let;11170
SLOVENIJA;2008H1;81 let;9940
SLOVENIJA;2008H1;82 let;9212
SLOVENIJA;2008H1;83 let;7936
SLOVENIJA;2008H1;84 let;7310
SLOVENIJA;2008H1;85 + let;26597
SLOVENIJA;2009H1;Starost - SKUPAJ;2032362
SLOVENIJA;2009H1;0 let;21904
SLOVENIJA;2009H1;1 leto;20275
SLOVENIJA;2009H1;2 leti;19361
SLOVENIJA;2009H1;3 leta;18484
SLOVENIJA;2009H1;4 leta;18242
SLOVENIJA;2009H1;5 let;17579
SLOVENIJA;2009H1;6 let;18037
SLOVENIJA;2009H1;7 let;18022
SLOVENIJA;2009H1;8 let;18693
SLOVENIJA;2009H1;9 let;17921
SLOVENIJA;2009H1;10 let;18321
SLOVENIJA;2009H1;11 let;18622
SLOVENIJA;2009H1;12 let;19311
SLOVENIJA;2009H1;13 let;19362
SLOVENIJA;2009H1;14 let;19920
SLOVENIJA;2009H1;15 let;20197
SLOVENIJA;2009H1;16 let;20409
SLOVENIJA;2009H1;17 let;22023
SLOVENIJA;2009H1;18 let;22612
SLOVENIJA;2009H1;19 let;23837
SLOVENIJA;2009H1;20 let;26117
SLOVENIJA;2009H1;21 let;26604
SLOVENIJA;2009H1;22 let;26254
SLOVENIJA;2009H1;23 let;27229
SLOVENIJA;2009H1;24 let;27697
SLOVENIJA;2009H1;25 let;28394
SLOVENIJA;2009H1;26 let;29486
SLOVENIJA;2009H1;27 let;30682
SLOVENIJA;2009H1;28 let;31276
SLOVENIJA;2009H1;29 let;31611
SLOVENIJA;2009H1;30 let;31471
SLOVENIJA;2009H1;31 let;30951
SLOVENIJA;2009H1;32 let;31488
SLOVENIJA;2009H1;33 let;30792
SLOVENIJA;2009H1;34 let;30038
SLOVENIJA;2009H1;35 let;30092
SLOVENIJA;2009H1;36 let;29933
SLOVENIJA;2009H1;37 let;29186
SLOVENIJA;2009H1;38 let;28246
SLOVENIJA;2009H1;39 let;29150
SLOVENIJA;2009H1;40 let;29765
SLOVENIJA;2009H1;41 let;30882
SLOVENIJA;2009H1;42 let;32111
SLOVENIJA;2009H1;43 let;32195
SLOVENIJA;2009H1;44 let;31137
SLOVENIJA;2009H1;45 let;31226
SLOVENIJA;2009H1;46 let;31218
SLOVENIJA;2009H1;47 let;31424
SLOVENIJA;2009H1;48 let;30751
SLOVENIJA;2009H1;49 let;30528
SLOVENIJA;2009H1;50 let;30292
SLOVENIJA;2009H1;51 let;30909
SLOVENIJA;2009H1;52 let;32037
SLOVENIJA;2009H1;53 let;31748
SLOVENIJA;2009H1;54 let;31026
SLOVENIJA;2009H1;55 let;31257
SLOVENIJA;2009H1;56 let;30442
SLOVENIJA;2009H1;57 let;28767
SLOVENIJA;2009H1;58 let;29127
SLOVENIJA;2009H1;59 let;26416
SLOVENIJA;2009H1;60 let;24903
SLOVENIJA;2009H1;61 let;23935
SLOVENIJA;2009H1;62 let;21589
SLOVENIJA;2009H1;63 let;15683
SLOVENIJA;2009H1;64 let;19136
SLOVENIJA;2009H1;65 let;21175
SLOVENIJA;2009H1;66 let;21052
SLOVENIJA;2009H1;67 let;19660
SLOVENIJA;2009H1;68 let;19524
SLOVENIJA;2009H1;69 let;18925
SLOVENIJA;2009H1;70 let;17943
SLOVENIJA;2009H1;71 let;17403
SLOVENIJA;2009H1;72 let;17503
SLOVENIJA;2009H1;73 let;16617
SLOVENIJA;2009H1;74 let;16135
SLOVENIJA;2009H1;75 let;15538
SLOVENIJA;2009H1;76 let;15313
SLOVENIJA;2009H1;77 let;14286
SLOVENIJA;2009H1;78 let;14329
SLOVENIJA;2009H1;79 let;12307
SLOVENIJA;2009H1;80 let;11483
SLOVENIJA;2009H1;81 let;10466
SLOVENIJA;2009H1;82 let;9310
SLOVENIJA;2009H1;83 let;8535
SLOVENIJA;2009H1;84 let;7293
SLOVENIJA;2009H1;85 + let;29232
SLOVENIJA;2010H1;Starost - SKUPAJ;2046976
SLOVENIJA;2010H1;0 let;21793
SLOVENIJA;2010H1;1 leto;22213
SLOVENIJA;2010H1;2 leti;20392
SLOVENIJA;2010H1;3 leta;19463
SLOVENIJA;2010H1;4 leta;18557
SLOVENIJA;2010H1;5 let;18334
SLOVENIJA;2010H1;6 let;17663
SLOVENIJA;2010H1;7 let;18107
SLOVENIJA;2010H1;8 let;18093
SLOVENIJA;2010H1;9 let;18767
SLOVENIJA;2010H1;10 let;18003
SLOVENIJA;2010H1;11 let;18363
SLOVENIJA;2010H1;12 let;18703
SLOVENIJA;2010H1;13 let;19396
SLOVENIJA;2010H1;14 let;19428
SLOVENIJA;2010H1;15 let;20007
SLOVENIJA;2010H1;16 let;20285
SLOVENIJA;2010H1;17 let;20498
SLOVENIJA;2010H1;18 let;22090
SLOVENIJA;2010H1;19 let;22855
SLOVENIJA;2010H1;20 let;24224
SLOVENIJA;2010H1;21 let;26532
SLOVENIJA;2010H1;22 let;27026
SLOVENIJA;2010H1;23 let;26644
SLOVENIJA;2010H1;24 let;27693
SLOVENIJA;2010H1;25 let;28125
SLOVENIJA;2010H1;26 let;28868
SLOVENIJA;2010H1;27 let;29913
SLOVENIJA;2010H1;28 let;31122
SLOVENIJA;2010H1;29 let;31611
SLOVENIJA;2010H1;30 let;31996
SLOVENIJA;2010H1;31 let;31820
SLOVENIJA;2010H1;32 let;31255
SLOVENIJA;2010H1;33 let;31836
SLOVENIJA;2010H1;34 let;31059
SLOVENIJA;2010H1;35 let;30266
SLOVENIJA;2010H1;36 let;30303
SLOVENIJA;2010H1;37 let;30151
SLOVENIJA;2010H1;38 let;29451
SLOVENIJA;2010H1;39 let;28468
SLOVENIJA;2010H1;40 let;29315
SLOVENIJA;2010H1;41 let;29975
SLOVENIJA;2010H1;42 let;31048
SLOVENIJA;2010H1;43 let;32251
SLOVENIJA;2010H1;44 let;32298
SLOVENIJA;2010H1;45 let;31256
SLOVENIJA;2010H1;46 let;31306
SLOVENIJA;2010H1;47 let;31272
SLOVENIJA;2010H1;48 let;31469
SLOVENIJA;2010H1;49 let;30759
SLOVENIJA;2010H1;50 let;30543
SLOVENIJA;2010H1;51 let;30297
SLOVENIJA;2010H1;52 let;30857
SLOVENIJA;2010H1;53 let;31941
SLOVENIJA;2010H1;54 let;31597
SLOVENIJA;2010H1;55 let;30855
SLOVENIJA;2010H1;56 let;31073
SLOVENIJA;2010H1;57 let;30239
SLOVENIJA;2010H1;58 let;28589
SLOVENIJA;2010H1;59 let;28932
SLOVENIJA;2010H1;60 let;26225
SLOVENIJA;2010H1;61 let;24694
SLOVENIJA;2010H1;62 let;23693
SLOVENIJA;2010H1;63 let;21330
SLOVENIJA;2010H1;64 let;15524
SLOVENIJA;2010H1;65 let;18891
SLOVENIJA;2010H1;66 let;20876
SLOVENIJA;2010H1;67 let;20727
SLOVENIJA;2010H1;68 let;19350
SLOVENIJA;2010H1;69 let;19188
SLOVENIJA;2010H1;70 let;18578
SLOVENIJA;2010H1;71 let;17571
SLOVENIJA;2010H1;72 let;17003
SLOVENIJA;2010H1;73 let;17077
SLOVENIJA;2010H1;74 let;16139
SLOVENIJA;2010H1;75 let;15621
SLOVENIJA;2010H1;76 let;15001
SLOVENIJA;2010H1;77 let;14738
SLOVENIJA;2010H1;78 let;13703
SLOVENIJA;2010H1;79 let;13632
SLOVENIJA;2010H1;80 let;11625
SLOVENIJA;2010H1;81 let;10826
SLOVENIJA;2010H1;82 let;9793
SLOVENIJA;2010H1;83 let;8599
SLOVENIJA;2010H1;84 let;7825
SLOVENIJA;2010H1;85 + let;31502
SLOVENIJA;2011H1;Starost - SKUPAJ;2050189
SLOVENIJA;2011H1;0 let;22420
SLOVENIJA;2011H1;1 leto;21997
SLOVENIJA;2011H1;2 leti;22249
SLOVENIJA;2011H1;3 leta;20420
SLOVENIJA;2011H1;4 leta;19496
SLOVENIJA;2011H1;5 let;18567
SLOVENIJA;2011H1;6 let;18377
SLOVENIJA;2011H1;7 let;17691
SLOVENIJA;2011H1;8 let;18137
SLOVENIJA;2011H1;9 let;18110
SLOVENIJA;2011H1;10 let;18802
SLOVENIJA;2011H1;11 let;18027
SLOVENIJA;2011H1;12 let;18388
SLOVENIJA;2011H1;13 let;18742
SLOVENIJA;2011H1;14 let;19430
SLOVENIJA;2011H1;15 let;19471
SLOVENIJA;2011H1;16 let;20052
SLOVENIJA;2011H1;17 let;20320
SLOVENIJA;2011H1;18 let;20542
SLOVENIJA;2011H1;19 let;22141
SLOVENIJA;2011H1;20 let;22942
SLOVENIJA;2011H1;21 let;24300
SLOVENIJA;2011H1;22 let;26516
SLOVENIJA;2011H1;23 let;26977
SLOVENIJA;2011H1;24 let;26569
SLOVENIJA;2011H1;25 let;27641
SLOVENIJA;2011H1;26 let;28104
SLOVENIJA;2011H1;27 let;28832
SLOVENIJA;2011H1;28 let;29891
SLOVENIJA;2011H1;29 let;31067
SLOVENIJA;2011H1;30 let;31545
SLOVENIJA;2011H1;31 let;31911
SLOVENIJA;2011H1;32 let;31709
SLOVENIJA;2011H1;33 let;31177
SLOVENIJA;2011H1;34 let;31778
SLOVENIJA;2011H1;35 let;30991
SLOVENIJA;2011H1;36 let;30197
SLOVENIJA;2011H1;37 let;30227
SLOVENIJA;2011H1;38 let;30067
SLOVENIJA;2011H1;39 let;29406
SLOVENIJA;2011H1;40 let;28397
SLOVENIJA;2011H1;41 let;29257
SLOVENIJA;2011H1;42 let;29887
SLOVENIJA;2011H1;43 let;30949
SLOVENIJA;2011H1;44 let;32180
SLOVENIJA;2011H1;45 let;32204
SLOVENIJA;2011H1;46 let;31145
SLOVENIJA;2011H1;47 let;31178
SLOVENIJA;2011H1;48 let;31185
SLOVENIJA;2011H1;49 let;31337
SLOVENIJA;2011H1;50 let;30639
SLOVENIJA;2011H1;51 let;30371
SLOVENIJA;2011H1;52 let;30125
SLOVENIJA;2011H1;53 let;30678
SLOVENIJA;2011H1;54 let;31776
SLOVENIJA;2011H1;55 let;31389
SLOVENIJA;2011H1;56 let;30641
SLOVENIJA;2011H1;57 let;30853
SLOVENIJA;2011H1;58 let;29998
SLOVENIJA;2011H1;59 let;28305
SLOVENIJA;2011H1;60 let;28648
SLOVENIJA;2011H1;61 let;25924
SLOVENIJA;2011H1;62 let;24436
SLOVENIJA;2011H1;63 let;23436
SLOVENIJA;2011H1;64 let;21081
SLOVENIJA;2011H1;65 let;15325
SLOVENIJA;2011H1;66 let;18629
SLOVENIJA;2011H1;67 let;20594
SLOVENIJA;2011H1;68 let;20408
SLOVENIJA;2011H1;69 let;19035
SLOVENIJA;2011H1;70 let;18859
SLOVENIJA;2011H1;71 let;18186
SLOVENIJA;2011H1;72 let;17216
SLOVENIJA;2011H1;73 let;16602
SLOVENIJA;2011H1;74 let;16611
SLOVENIJA;2011H1;75 let;15656
SLOVENIJA;2011H1;76 let;15078
SLOVENIJA;2011H1;77 let;14481
SLOVENIJA;2011H1;78 let;14133
SLOVENIJA;2011H1;79 let;13074
SLOVENIJA;2011H1;80 let;12916
SLOVENIJA;2011H1;81 let;10941
SLOVENIJA;2011H1;82 let;10115
SLOVENIJA;2011H1;83 let;9085
SLOVENIJA;2011H1;84 let;7902
SLOVENIJA;2011H1;85 + let;34098
SLOVENIJA;2012H1;Starost - SKUPAJ;2055496
SLOVENIJA;2012H1;0 let;22003
SLOVENIJA;2012H1;1 leto;22576
SLOVENIJA;2012H1;2 leti;22057
SLOVENIJA;2012H1;3 leta;22297
SLOVENIJA;2012H1;4 leta;20477
SLOVENIJA;2012H1;5 let;19543
SLOVENIJA;2012H1;6 let;18605
SLOVENIJA;2012H1;7 let;18416
SLOVENIJA;2012H1;8 let;17734
SLOVENIJA;2012H1;9 let;18172
SLOVENIJA;2012H1;10 let;18168
SLOVENIJA;2012H1;11 let;18833
SLOVENIJA;2012H1;12 let;18058
SLOVENIJA;2012H1;13 let;18439
SLOVENIJA;2012H1;14 let;18771
SLOVENIJA;2012H1;15 let;19489
SLOVENIJA;2012H1;16 let;19520
SLOVENIJA;2012H1;17 let;20114
SLOVENIJA;2012H1;18 let;20372
SLOVENIJA;2012H1;19 let;20634
SLOVENIJA;2012H1;20 let;22261
SLOVENIJA;2012H1;21 let;23038
SLOVENIJA;2012H1;22 let;24335
SLOVENIJA;2012H1;23 let;26561
SLOVENIJA;2012H1;24 let;27028
SLOVENIJA;2012H1;25 let;26630
SLOVENIJA;2012H1;26 let;27725
SLOVENIJA;2012H1;27 let;28168
SLOVENIJA;2012H1;28 let;28911
SLOVENIJA;2012H1;29 let;29928
SLOVENIJA;2012H1;30 let;31067
SLOVENIJA;2012H1;31 let;31582
SLOVENIJA;2012H1;32 let;31896
SLOVENIJA;2012H1;33 let;31705
SLOVENIJA;2012H1;34 let;31202
SLOVENIJA;2012H1;35 let;31795
SLOVENIJA;2012H1;36 let;30970
SLOVENIJA;2012H1;37 let;30189
SLOVENIJA;2012H1;38 let;30222
SLOVENIJA;2012H1;39 let;30068
SLOVENIJA;2012H1;40 let;29422
SLOVENIJA;2012H1;41 let;28367
SLOVENIJA;2012H1;42 let;29220
SLOVENIJA;2012H1;43 let;29856
SLOVENIJA;2012H1;44 let;30909
SLOVENIJA;2012H1;45 let;32115
SLOVENIJA;2012H1;46 let;32121
SLOVENIJA;2012H1;47 let;31079
SLOVENIJA;2012H1;48 let;31128
SLOVENIJA;2012H1;49 let;31093
SLOVENIJA;2012H1;50 let;31236
SLOVENIJA;2012H1;51 let;30534
SLOVENIJA;2012H1;52 let;30261
SLOVENIJA;2012H1;53 let;29961
SLOVENIJA;2012H1;54 let;30572
SLOVENIJA;2012H1;55 let;31559
SLOVENIJA;2012H1;56 let;31219
SLOVENIJA;2012H1;57 let;30430
SLOVENIJA;2012H1;58 let;30621
SLOVENIJA;2012H1;59 let;29758
SLOVENIJA;2012H1;60 let;28073
SLOVENIJA;2012H1;61 let;28383
SLOVENIJA;2012H1;62 let;25669
SLOVENIJA;2012H1;63 let;24197
SLOVENIJA;2012H1;64 let;23154
SLOVENIJA;2012H1;65 let;20844
SLOVENIJA;2012H1;66 let;15134
SLOVENIJA;2012H1;67 let;18333
SLOVENIJA;2012H1;68 let;20264
SLOVENIJA;2012H1;69 let;20095
SLOVENIJA;2012H1;70 let;18695
SLOVENIJA;2012H1;71 let;18471
SLOVENIJA;2012H1;72 let;17801
SLOVENIJA;2012H1;73 let;16836
SLOVENIJA;2012H1;74 let;16173
SLOVENIJA;2012H1;75 let;16181
SLOVENIJA;2012H1;76 let;15183
SLOVENIJA;2012H1;77 let;14535
SLOVENIJA;2012H1;78 let;13870
SLOVENIJA;2012H1;79 let;13520
SLOVENIJA;2012H1;80 let;12388
SLOVENIJA;2012H1;81 let;12207
SLOVENIJA;2012H1;82 let;10223
SLOVENIJA;2012H1;83 let;9445
SLOVENIJA;2012H1;84 let;8433
SLOVENIJA;2012H1;85 + let;36369
SLOVENIJA;2013H1;Starost - SKUPAJ;2058821
SLOVENIJA;2013H1;0 let;22003
SLOVENIJA;2013H1;1 leto;22117
SLOVENIJA;2013H1;2 leti;22683
SLOVENIJA;2013H1;3 leta;22153
SLOVENIJA;2013H1;4 leta;22386
SLOVENIJA;2013H1;5 let;20552
SLOVENIJA;2013H1;6 let;19581
SLOVENIJA;2013H1;7 let;18646
SLOVENIJA;2013H1;8 let;18435
SLOVENIJA;2013H1;9 let;17741
SLOVENIJA;2013H1;10 let;18178
SLOVENIJA;2013H1;11 let;18187
SLOVENIJA;2013H1;12 let;18872
SLOVENIJA;2013H1;13 let;18069
SLOVENIJA;2013H1;14 let;18492
SLOVENIJA;2013H1;15 let;18806
SLOVENIJA;2013H1;16 let;19540
SLOVENIJA;2013H1;17 let;19553
SLOVENIJA;2013H1;18 let;20138
SLOVENIJA;2013H1;19 let;20430
SLOVENIJA;2013H1;20 let;20775
SLOVENIJA;2013H1;21 let;22410
SLOVENIJA;2013H1;22 let;23122
SLOVENIJA;2013H1;23 let;24473
SLOVENIJA;2013H1;24 let;26690
SLOVENIJA;2013H1;25 let;27167
SLOVENIJA;2013H1;26 let;26756
SLOVENIJA;2013H1;27 let;27821
SLOVENIJA;2013H1;28 let;28216
SLOVENIJA;2013H1;29 let;28944
SLOVENIJA;2013H1;30 let;29940
SLOVENIJA;2013H1;31 let;31043
SLOVENIJA;2013H1;32 let;31572
SLOVENIJA;2013H1;33 let;31892
SLOVENIJA;2013H1;34 let;31692
SLOVENIJA;2013H1;35 let;31165
SLOVENIJA;2013H1;36 let;31746
SLOVENIJA;2013H1;37 let;30944
SLOVENIJA;2013H1;38 let;30154
SLOVENIJA;2013H1;39 let;30187
SLOVENIJA;2013H1;40 let;30024
SLOVENIJA;2013H1;41 let;29378
SLOVENIJA;2013H1;42 let;28335
SLOVENIJA;2013H1;43 let;29157
SLOVENIJA;2013H1;44 let;29826
SLOVENIJA;2013H1;45 let;30828
SLOVENIJA;2013H1;46 let;32004
SLOVENIJA;2013H1;47 let;32031
SLOVENIJA;2013H1;48 let;30995
SLOVENIJA;2013H1;49 let;30948
SLOVENIJA;2013H1;50 let;30937
SLOVENIJA;2013H1;51 let;31138
SLOVENIJA;2013H1;52 let;30424
SLOVENIJA;2013H1;53 let;30045
SLOVENIJA;2013H1;54 let;29822
SLOVENIJA;2013H1;55 let;30347
SLOVENIJA;2013H1;56 let;31308
SLOVENIJA;2013H1;57 let;30938
SLOVENIJA;2013H1;58 let;30172
SLOVENIJA;2013H1;59 let;30325
SLOVENIJA;2013H1;60 let;29413
SLOVENIJA;2013H1;61 let;27745
SLOVENIJA;2013H1;62 let;28037
SLOVENIJA;2013H1;63 let;25368
SLOVENIJA;2013H1;64 let;23860
SLOVENIJA;2013H1;65 let;22850
SLOVENIJA;2013H1;66 let;20554
SLOVENIJA;2013H1;67 let;14900
SLOVENIJA;2013H1;68 let;18044
SLOVENIJA;2013H1;69 let;19887
SLOVENIJA;2013H1;70 let;19697
SLOVENIJA;2013H1;71 let;18329
SLOVENIJA;2013H1;72 let;18053
SLOVENIJA;2013H1;73 let;17381
SLOVENIJA;2013H1;74 let;16410
SLOVENIJA;2013H1;75 let;15720
SLOVENIJA;2013H1;76 let;15655
SLOVENIJA;2013H1;77 let;14626
SLOVENIJA;2013H1;78 let;13948
SLOVENIJA;2013H1;79 let;13236
SLOVENIJA;2013H1;80 let;12831
SLOVENIJA;2013H1;81 let;11684
SLOVENIJA;2013H1;82 let;11449
SLOVENIJA;2013H1;83 let;9493
SLOVENIJA;2013H1;84 let;8663
SLOVENIJA;2013H1;85 + let;38735
SLOVENIJA;2014H1;Starost - SKUPAJ;2061085
SLOVENIJA;2014H1;0 let;21099
SLOVENIJA;2014H1;1 leto;22101
SLOVENIJA;2014H1;2 leti;22178
SLOVENIJA;2014H1;3 leta;22681
SLOVENIJA;2014H1;4 leta;22185
SLOVENIJA;2014H1;5 let;22382
SLOVENIJA;2014H1;6 let;20565
SLOVENIJA;2014H1;7 let;19599
SLOVENIJA;2014H1;8 let;18636
SLOVENIJA;2014H1;9 let;18480
SLOVENIJA;2014H1;10 let;17772
SLOVENIJA;2014H1;11 let;18196
SLOVENIJA;2014H1;12 let;18201
SLOVENIJA;2014H1;13 let;18900
SLOVENIJA;2014H1;14 let;18078
SLOVENIJA;2014H1;15 let;18532
SLOVENIJA;2014H1;16 let;18854
SLOVENIJA;2014H1;17 let;19559
SLOVENIJA;2014H1;18 let;19638
SLOVENIJA;2014H1;19 let;20231
SLOVENIJA;2014H1;20 let;20605
SLOVENIJA;2014H1;21 let;20824
SLOVENIJA;2014H1;22 let;22506
SLOVENIJA;2014H1;23 let;23234
SLOVENIJA;2014H1;24 let;24510
SLOVENIJA;2014H1;25 let;26752
SLOVENIJA;2014H1;26 let;27262
SLOVENIJA;2014H1;27 let;26773
SLOVENIJA;2014H1;28 let;27801
SLOVENIJA;2014H1;29 let;28211
SLOVENIJA;2014H1;30 let;28941
SLOVENIJA;2014H1;31 let;29900
SLOVENIJA;2014H1;32 let;31028
SLOVENIJA;2014H1;33 let;31539
SLOVENIJA;2014H1;34 let;31825
SLOVENIJA;2014H1;35 let;31647
SLOVENIJA;2014H1;36 let;31115
SLOVENIJA;2014H1;37 let;31660
SLOVENIJA;2014H1;38 let;30937
SLOVENIJA;2014H1;39 let;30113
SLOVENIJA;2014H1;40 let;30135
SLOVENIJA;2014H1;41 let;29989
SLOVENIJA;2014H1;42 let;29317
SLOVENIJA;2014H1;43 let;28310
SLOVENIJA;2014H1;44 let;29091
SLOVENIJA;2014H1;45 let;29817
SLOVENIJA;2014H1;46 let;30835
SLOVENIJA;2014H1;47 let;31948
SLOVENIJA;2014H1;48 let;31989
SLOVENIJA;2014H1;49 let;30897
SLOVENIJA;2014H1;50 let;30869
SLOVENIJA;2014H1;51 let;30829
SLOVENIJA;2014H1;52 let;30988
SLOVENIJA;2014H1;53 let;30278
SLOVENIJA;2014H1;54 let;29927
SLOVENIJA;2014H1;55 let;29668
SLOVENIJA;2014H1;56 let;30155
SLOVENIJA;2014H1;57 let;31093
SLOVENIJA;2014H1;58 let;30652
SLOVENIJA;2014H1;59 let;29893
SLOVENIJA;2014H1;60 let;29998
SLOVENIJA;2014H1;61 let;29113
SLOVENIJA;2014H1;62 let;27414
SLOVENIJA;2014H1;63 let;27703
SLOVENIJA;2014H1;64 let;25021
SLOVENIJA;2014H1;65 let;23568
SLOVENIJA;2014H1;66 let;22511
SLOVENIJA;2014H1;67 let;20277
SLOVENIJA;2014H1;68 let;14656
SLOVENIJA;2014H1;69 let;17721
SLOVENIJA;2014H1;70 let;19540
SLOVENIJA;2014H1;71 let;19323
SLOVENIJA;2014H1;72 let;17961
SLOVENIJA;2014H1;73 let;17644
SLOVENIJA;2014H1;74 let;16936
SLOVENIJA;2014H1;75 let;15948
SLOVENIJA;2014H1;76 let;15238
SLOVENIJA;2014H1;77 let;15095
SLOVENIJA;2014H1;78 let;14104
SLOVENIJA;2014H1;79 let;13376
SLOVENIJA;2014H1;80 let;12572
SLOVENIJA;2014H1;81 let;12140
SLOVENIJA;2014H1;82 let;10937
SLOVENIJA;2014H1;83 let;10639
SLOVENIJA;2014H1;84 let;8745
SLOVENIJA;2014H1;85 + let;41175
SLOVENIJA;2015H1;Starost - SKUPAJ;2062874
SLOVENIJA;2015H1;0 let;21146
SLOVENIJA;2015H1;1 leto;21188
SLOVENIJA;2015H1;2 leti;22109
SLOVENIJA;2015H1;3 leta;22180
SLOVENIJA;2015H1;4 leta;22691
SLOVENIJA;2015H1;5 let;22173
SLOVENIJA;2015H1;6 let;22376
SLOVENIJA;2015H1;7 let;20556
SLOVENIJA;2015H1;8 let;19604
SLOVENIJA;2015H1;9 let;18650
SLOVENIJA;2015H1;10 let;18493
SLOVENIJA;2015H1;11 let;17782
SLOVENIJA;2015H1;12 let;18199
SLOVENIJA;2015H1;13 let;18232
SLOVENIJA;2015H1;14 let;18931
SLOVENIJA;2015H1;15 let;18091
SLOVENIJA;2015H1;16 let;18584
SLOVENIJA;2015H1;17 let;18918
SLOVENIJA;2015H1;18 let;19679
SLOVENIJA;2015H1;19 let;19719
SLOVENIJA;2015H1;20 let;20348
SLOVENIJA;2015H1;21 let;20651
SLOVENIJA;2015H1;22 let;20914
SLOVENIJA;2015H1;23 let;22524
SLOVENIJA;2015H1;24 let;23281
SLOVENIJA;2015H1;25 let;24503
SLOVENIJA;2015H1;26 let;26667
SLOVENIJA;2015H1;27 let;27211
SLOVENIJA;2015H1;28 let;26698
SLOVENIJA;2015H1;29 let;27711
SLOVENIJA;2015H1;30 let;28180
SLOVENIJA;2015H1;31 let;28822
SLOVENIJA;2015H1;32 let;29880
SLOVENIJA;2015H1;33 let;30935
SLOVENIJA;2015H1;34 let;31459
SLOVENIJA;2015H1;35 let;31791
SLOVENIJA;2015H1;36 let;31590
SLOVENIJA;2015H1;37 let;31087
SLOVENIJA;2015H1;38 let;31648
SLOVENIJA;2015H1;39 let;30857
SLOVENIJA;2015H1;40 let;30097
SLOVENIJA;2015H1;41 let;30123
SLOVENIJA;2015H1;42 let;29922
SLOVENIJA;2015H1;43 let;29267
SLOVENIJA;2015H1;44 let;28257
SLOVENIJA;2015H1;45 let;29046
SLOVENIJA;2015H1;46 let;29726
SLOVENIJA;2015H1;47 let;30741
SLOVENIJA;2015H1;48 let;31898
SLOVENIJA;2015H1;49 let;31902
SLOVENIJA;2015H1;50 let;30856
SLOVENIJA;2015H1;51 let;30775
SLOVENIJA;2015H1;52 let;30715
SLOVENIJA;2015H1;53 let;30842
SLOVENIJA;2015H1;54 let;30164
SLOVENIJA;2015H1;55 let;29780
SLOVENIJA;2015H1;56 let;29511
SLOVENIJA;2015H1;57 let;29977
SLOVENIJA;2015H1;58 let;30882
SLOVENIJA;2015H1;59 let;30405
SLOVENIJA;2015H1;60 let;29623
SLOVENIJA;2015H1;61 let;29677
SLOVENIJA;2015H1;62 let;28819
SLOVENIJA;2015H1;63 let;27072
SLOVENIJA;2015H1;64 let;27353
SLOVENIJA;2015H1;65 let;24739
SLOVENIJA;2015H1;66 let;23247
SLOVENIJA;2015H1;67 let;22236
SLOVENIJA;2015H1;68 let;19996
SLOVENIJA;2015H1;69 let;14419
SLOVENIJA;2015H1;70 let;17443
SLOVENIJA;2015H1;71 let;19172
SLOVENIJA;2015H1;72 let;18937
SLOVENIJA;2015H1;73 let;17525
SLOVENIJA;2015H1;74 let;17190
SLOVENIJA;2015H1;75 let;16515
SLOVENIJA;2015H1;76 let;15532
SLOVENIJA;2015H1;77 let;14765
SLOVENIJA;2015H1;78 let;14582
SLOVENIJA;2015H1;79 let;13565
SLOVENIJA;2015H1;80 let;12744
SLOVENIJA;2015H1;81 let;11913
SLOVENIJA;2015H1;82 let;11438
SLOVENIJA;2015H1;83 let;10203
SLOVENIJA;2015H1;84 let;9843
SLOVENIJA;2015H1;85 + let;43382
SLOVENIJA;2016H1;Starost - SKUPAJ;2064188
SLOVENIJA;2016H1;0 let;20620
SLOVENIJA;2016H1;1 leto;21172
SLOVENIJA;2016H1;2 leti;21222
SLOVENIJA;2016H1;3 leta;22129
SLOVENIJA;2016H1;4 leta;22178
SLOVENIJA;2016H1;5 let;22714
SLOVENIJA;2016H1;6 let;22167
SLOVENIJA;2016H1;7 let;22412
SLOVENIJA;2016H1;8 let;20586
SLOVENIJA;2016H1;9 let;19626
SLOVENIJA;2016H1;10 let;18695
SLOVENIJA;2016H1;11 let;18540
SLOVENIJA;2016H1;12 let;17827
SLOVENIJA;2016H1;13 let;18239
SLOVENIJA;2016H1;14 let;18263
SLOVENIJA;2016H1;15 let;18999
SLOVENIJA;2016H1;16 let;18173
SLOVENIJA;2016H1;17 let;18659
SLOVENIJA;2016H1;18 let;19071
SLOVENIJA;2016H1;19 let;19752
SLOVENIJA;2016H1;20 let;19807
SLOVENIJA;2016H1;21 let;20381
SLOVENIJA;2016H1;22 let;20732
SLOVENIJA;2016H1;23 let;20993
SLOVENIJA;2016H1;24 let;22587
SLOVENIJA;2016H1;25 let;23289
SLOVENIJA;2016H1;26 let;24521
SLOVENIJA;2016H1;27 let;26587
SLOVENIJA;2016H1;28 let;27108
SLOVENIJA;2016H1;29 let;26667
SLOVENIJA;2016H1;30 let;27686
SLOVENIJA;2016H1;31 let;28116
SLOVENIJA;2016H1;32 let;28791
SLOVENIJA;2016H1;33 let;29827
SLOVENIJA;2016H1;34 let;30885
SLOVENIJA;2016H1;35 let;31430
SLOVENIJA;2016H1;36 let;31771
SLOVENIJA;2016H1;37 let;31558
SLOVENIJA;2016H1;38 let;31102
SLOVENIJA;2016H1;39 let;31644
SLOVENIJA;2016H1;40 let;30805
SLOVENIJA;2016H1;41 let;30052
SLOVENIJA;2016H1;42 let;30130
SLOVENIJA;2016H1;43 let;29903
SLOVENIJA;2016H1;44 let;29212
SLOVENIJA;2016H1;45 let;28205
SLOVENIJA;2016H1;46 let;28989
SLOVENIJA;2016H1;47 let;29653
SLOVENIJA;2016H1;48 let;30696
SLOVENIJA;2016H1;49 let;31843
SLOVENIJA;2016H1;50 let;31816
SLOVENIJA;2016H1;51 let;30759
SLOVENIJA;2016H1;52 let;30677
SLOVENIJA;2016H1;53 let;30586
SLOVENIJA;2016H1;54 let;30704
SLOVENIJA;2016H1;55 let;30039
SLOVENIJA;2016H1;56 let;29607
SLOVENIJA;2016H1;57 let;29359
SLOVENIJA;2016H1;58 let;29778
SLOVENIJA;2016H1;59 let;30649
SLOVENIJA;2016H1;60 let;30142
SLOVENIJA;2016H1;61 let;29356
SLOVENIJA;2016H1;62 let;29356
SLOVENIJA;2016H1;63 let;28472
SLOVENIJA;2016H1;64 let;26772
SLOVENIJA;2016H1;65 let;27019
SLOVENIJA;2016H1;66 let;24414
SLOVENIJA;2016H1;67 let;22921
SLOVENIJA;2016H1;68 let;21898
SLOVENIJA;2016H1;69 let;19667
SLOVENIJA;2016H1;70 let;14163
SLOVENIJA;2016H1;71 let;17119
SLOVENIJA;2016H1;72 let;18743
SLOVENIJA;2016H1;73 let;18498
SLOVENIJA;2016H1;74 let;17099
SLOVENIJA;2016H1;75 let;16734
SLOVENIJA;2016H1;76 let;16044
SLOVENIJA;2016H1;77 let;14990
SLOVENIJA;2016H1;78 let;14245
SLOVENIJA;2016H1;79 let;14005
SLOVENIJA;2016H1;80 let;12933
SLOVENIJA;2016H1;81 let;12157
SLOVENIJA;2016H1;82 let;11199
SLOVENIJA;2016H1;83 let;10658
SLOVENIJA;2016H1;84 let;9425
SLOVENIJA;2016H1;85 + let;46171
SLOVENIJA;2017H1;Starost - SKUPAJ;2065895
SLOVENIJA;2017H1;0 let;20324
SLOVENIJA;2017H1;1 leto;20607
SLOVENIJA;2017H1;2 leti;21209
SLOVENIJA;2017H1;3 leta;21208
SLOVENIJA;2017H1;4 leta;22108
SLOVENIJA;2017H1;5 let;22165
SLOVENIJA;2017H1;6 let;22718
SLOVENIJA;2017H1;7 let;22161
SLOVENIJA;2017H1;8 let;22420
SLOVENIJA;2017H1;9 let;20628
SLOVENIJA;2017H1;10 let;19656
SLOVENIJA;2017H1;11 let;18716
SLOVENIJA;2017H1;12 let;18560
SLOVENIJA;2017H1;13 let;17842
SLOVENIJA;2017H1;14 let;18272
SLOVENIJA;2017H1;15 let;18326
SLOVENIJA;2017H1;16 let;19082
SLOVENIJA;2017H1;17 let;18251
SLOVENIJA;2017H1;18 let;18747
SLOVENIJA;2017H1;19 let;19192
SLOVENIJA;2017H1;20 let;19914
SLOVENIJA;2017H1;21 let;19933
SLOVENIJA;2017H1;22 let;20484
SLOVENIJA;2017H1;23 let;20826
SLOVENIJA;2017H1;24 let;21065
SLOVENIJA;2017H1;25 let;22571
SLOVENIJA;2017H1;26 let;23291
SLOVENIJA;2017H1;27 let;24429
SLOVENIJA;2017H1;28 let;26529
SLOVENIJA;2017H1;29 let;27028
SLOVENIJA;2017H1;30 let;26533
SLOVENIJA;2017H1;31 let;27633
SLOVENIJA;2017H1;32 let;28137
SLOVENIJA;2017H1;33 let;28693
SLOVENIJA;2017H1;34 let;29807
SLOVENIJA;2017H1;35 let;30852
SLOVENIJA;2017H1;36 let;31457
SLOVENIJA;2017H1;37 let;31777
SLOVENIJA;2017H1;38 let;31592
SLOVENIJA;2017H1;39 let;31131
SLOVENIJA;2017H1;40 let;31652
SLOVENIJA;2017H1;41 let;30843
SLOVENIJA;2017H1;42 let;30060
SLOVENIJA;2017H1;43 let;30126
SLOVENIJA;2017H1;44 let;29924
SLOVENIJA;2017H1;45 let;29188
SLOVENIJA;2017H1;46 let;28242
SLOVENIJA;2017H1;47 let;28949
SLOVENIJA;2017H1;48 let;29614
SLOVENIJA;2017H1;49 let;30686
SLOVENIJA;2017H1;50 let;31744
SLOVENIJA;2017H1;51 let;31753
SLOVENIJA;2017H1;52 let;30655
SLOVENIJA;2017H1;53 let;30548
SLOVENIJA;2017H1;54 let;30460
SLOVENIJA;2017H1;55 let;30543
SLOVENIJA;2017H1;56 let;29903
SLOVENIJA;2017H1;57 let;29438
SLOVENIJA;2017H1;58 let;29154
SLOVENIJA;2017H1;59 let;29598
SLOVENIJA;2017H1;60 let;30382
SLOVENIJA;2017H1;61 let;29864
SLOVENIJA;2017H1;62 let;29091
SLOVENIJA;2017H1;63 let;29043
SLOVENIJA;2017H1;64 let;28135
SLOVENIJA;2017H1;65 let;26446
SLOVENIJA;2017H1;66 let;26672
SLOVENIJA;2017H1;67 let;24118
SLOVENIJA;2017H1;68 let;22580
SLOVENIJA;2017H1;69 let;21544
SLOVENIJA;2017H1;70 let;19391
SLOVENIJA;2017H1;71 let;13925
SLOVENIJA;2017H1;72 let;16802
SLOVENIJA;2017H1;73 let;18352
SLOVENIJA;2017H1;74 let;18037
SLOVENIJA;2017H1;75 let;16680
SLOVENIJA;2017H1;76 let;16278
SLOVENIJA;2017H1;77 let;15574
SLOVENIJA;2017H1;78 let;14522
SLOVENIJA;2017H1;79 let;13713
SLOVENIJA;2017H1;80 let;13405
SLOVENIJA;2017H1;81 let;12264
SLOVENIJA;2017H1;82 let;11490
SLOVENIJA;2017H1;83 let;10474
SLOVENIJA;2017H1;84 let;9871
SLOVENIJA;2017H1;85 + let;48288
SLOVENIJA;2018H1;Starost - SKUPAJ;2066880
SLOVENIJA;2018H1;0 let;20224
SLOVENIJA;2018H1;1 leto;20341
SLOVENIJA;2018H1;2 leti;20614
SLOVENIJA;2018H1;3 leta;21185
SLOVENIJA;2018H1;4 leta;21147
SLOVENIJA;2018H1;5 let;22088
SLOVENIJA;2018H1;6 let;22169
SLOVENIJA;2018H1;7 let;22733
SLOVENIJA;2018H1;8 let;22160
SLOVENIJA;2018H1;9 let;22414
SLOVENIJA;2018H1;10 let;20655
SLOVENIJA;2018H1;11 let;19689
SLOVENIJA;2018H1;12 let;18764
SLOVENIJA;2018H1;13 let;18595
SLOVENIJA;2018H1;14 let;17899
SLOVENIJA;2018H1;15 let;18326
SLOVENIJA;2018H1;16 let;18400
SLOVENIJA;2018H1;17 let;19123
SLOVENIJA;2018H1;18 let;18347
SLOVENIJA;2018H1;19 let;18861
SLOVENIJA;2018H1;20 let;19404
SLOVENIJA;2018H1;21 let;20036
SLOVENIJA;2018H1;22 let;20072
SLOVENIJA;2018H1;23 let;20634
SLOVENIJA;2018H1;24 let;20927
SLOVENIJA;2018H1;25 let;21130
SLOVENIJA;2018H1;26 let;22606
SLOVENIJA;2018H1;27 let;23317
SLOVENIJA;2018H1;28 let;24367
SLOVENIJA;2018H1;29 let;26480
SLOVENIJA;2018H1;30 let;26972
SLOVENIJA;2018H1;31 let;26485
SLOVENIJA;2018H1;32 let;27609
SLOVENIJA;2018H1;33 let;28140
SLOVENIJA;2018H1;34 let;28698
SLOVENIJA;2018H1;35 let;29818
SLOVENIJA;2018H1;36 let;30796
SLOVENIJA;2018H1;37 let;31446
SLOVENIJA;2018H1;38 let;31820
SLOVENIJA;2018H1;39 let;31575
SLOVENIJA;2018H1;40 let;31131
SLOVENIJA;2018H1;41 let;31653
SLOVENIJA;2018H1;42 let;30875
SLOVENIJA;2018H1;43 let;30074
SLOVENIJA;2018H1;44 let;30170
SLOVENIJA;2018H1;45 let;29886
SLOVENIJA;2018H1;46 let;29196
SLOVENIJA;2018H1;47 let;28157
SLOVENIJA;2018H1;48 let;28900
SLOVENIJA;2018H1;49 let;29576
SLOVENIJA;2018H1;50 let;30651
SLOVENIJA;2018H1;51 let;31636
SLOVENIJA;2018H1;52 let;31637
SLOVENIJA;2018H1;53 let;30531
SLOVENIJA;2018H1;54 let;30433
SLOVENIJA;2018H1;55 let;30302
SLOVENIJA;2018H1;56 let;30364
SLOVENIJA;2018H1;57 let;29722
SLOVENIJA;2018H1;58 let;29257
SLOVENIJA;2018H1;59 let;28936
SLOVENIJA;2018H1;60 let;29328
SLOVENIJA;2018H1;61 let;30076
SLOVENIJA;2018H1;62 let;29581
SLOVENIJA;2018H1;63 let;28774
SLOVENIJA;2018H1;64 let;28706
SLOVENIJA;2018H1;65 let;27821
SLOVENIJA;2018H1;66 let;26111
SLOVENIJA;2018H1;67 let;26308
SLOVENIJA;2018H1;68 let;23758
SLOVENIJA;2018H1;69 let;22211
SLOVENIJA;2018H1;70 let;21181
SLOVENIJA;2018H1;71 let;19035
SLOVENIJA;2018H1;72 let;13635
SLOVENIJA;2018H1;73 let;16444
SLOVENIJA;2018H1;74 let;17922
SLOVENIJA;2018H1;75 let;17594
SLOVENIJA;2018H1;76 let;16238
SLOVENIJA;2018H1;77 let;15760
SLOVENIJA;2018H1;78 let;15030
SLOVENIJA;2018H1;79 let;13961
SLOVENIJA;2018H1;80 let;13118
SLOVENIJA;2018H1;81 let;12710
SLOVENIJA;2018H1;82 let;11590
SLOVENIJA;2018H1;83 let;10741
SLOVENIJA;2018H1;84 let;9699
SLOVENIJA;2018H1;85 + let;50395
SLOVENIJA;2019H1;Starost - SKUPAJ;2080908
SLOVENIJA;2019H1;0 let;19571
SLOVENIJA;2019H1;1 leto;20317
SLOVENIJA;2019H1;2 leti;20461
SLOVENIJA;2019H1;3 leta;20687
SLOVENIJA;2019H1;4 leta;21270
SLOVENIJA;2019H1;5 let;21239
SLOVENIJA;2019H1;6 let;22174
SLOVENIJA;2019H1;7 let;22258
SLOVENIJA;2019H1;8 let;22811
SLOVENIJA;2019H1;9 let;22235
SLOVENIJA;2019H1;10 let;22541
SLOVENIJA;2019H1;11 let;20742
SLOVENIJA;2019H1;12 let;19788
SLOVENIJA;2019H1;13 let;18891
SLOVENIJA;2019H1;14 let;18721
SLOVENIJA;2019H1;15 let;18009
SLOVENIJA;2019H1;16 let;18488
SLOVENIJA;2019H1;17 let;18530
SLOVENIJA;2019H1;18 let;19249
SLOVENIJA;2019H1;19 let;18579
SLOVENIJA;2019H1;20 let;19371
SLOVENIJA;2019H1;21 let;19995
SLOVENIJA;2019H1;22 let;20709
SLOVENIJA;2019H1;23 let;20717
SLOVENIJA;2019H1;24 let;21148
SLOVENIJA;2019H1;25 let;21436
SLOVENIJA;2019H1;26 let;21583
SLOVENIJA;2019H1;27 let;23123
SLOVENIJA;2019H1;28 let;23705
SLOVENIJA;2019H1;29 let;24833
SLOVENIJA;2019H1;30 let;26914
SLOVENIJA;2019H1;31 let;27422
SLOVENIJA;2019H1;32 let;26881
SLOVENIJA;2019H1;33 let;27971
SLOVENIJA;2019H1;34 let;28524
SLOVENIJA;2019H1;35 let;29026
SLOVENIJA;2019H1;36 let;30169
SLOVENIJA;2019H1;37 let;31105
SLOVENIJA;2019H1;38 let;31763
SLOVENIJA;2019H1;39 let;32122
SLOVENIJA;2019H1;40 let;31827
SLOVENIJA;2019H1;41 let;31449
SLOVENIJA;2019H1;42 let;31925
SLOVENIJA;2019H1;43 let;31124
SLOVENIJA;2019H1;44 let;30257
SLOVENIJA;2019H1;45 let;30392
SLOVENIJA;2019H1;46 let;30034
SLOVENIJA;2019H1;47 let;29323
SLOVENIJA;2019H1;48 let;28308
SLOVENIJA;2019H1;49 let;29047
SLOVENIJA;2019H1;50 let;29600
SLOVENIJA;2019H1;51 let;30704
SLOVENIJA;2019H1;52 let;31652
SLOVENIJA;2019H1;53 let;31635
SLOVENIJA;2019H1;54 let;30511
SLOVENIJA;2019H1;55 let;30360
SLOVENIJA;2019H1;56 let;30235
SLOVENIJA;2019H1;57 let;30262
SLOVENIJA;2019H1;58 let;29581
SLOVENIJA;2019H1;59 let;29109
SLOVENIJA;2019H1;60 let;28749
SLOVENIJA;2019H1;61 let;29108
SLOVENIJA;2019H1;62 let;29800
SLOVENIJA;2019H1;63 let;29285
SLOVENIJA;2019H1;64 let;28499
SLOVENIJA;2019H1;65 let;28385
SLOVENIJA;2019H1;66 let;27467
SLOVENIJA;2019H1;67 let;25826
SLOVENIJA;2019H1;68 let;25936
SLOVENIJA;2019H1;69 let;23426
SLOVENIJA;2019H1;70 let;21924
SLOVENIJA;2019H1;71 let;20834
SLOVENIJA;2019H1;72 let;18697
SLOVENIJA;2019H1;73 let;13356
SLOVENIJA;2019H1;74 let;16091
SLOVENIJA;2019H1;75 let;17522
SLOVENIJA;2019H1;76 let;17118
SLOVENIJA;2019H1;77 let;15745
SLOVENIJA;2019H1;78 let;15239
SLOVENIJA;2019H1;79 let;14455
SLOVENIJA;2019H1;80 let;13383
SLOVENIJA;2019H1;81 let;12512
SLOVENIJA;2019H1;82 let;12026
SLOVENIJA;2019H1;83 let;10871
SLOVENIJA;2019H1;84 let;9965
SLOVENIJA;2019H1;85 + let;52276
SLOVENIJA;2020H1;Starost - SKUPAJ;2095861
SLOVENIJA;2020H1;0 let;19299
SLOVENIJA;2020H1;1 leto;19701
SLOVENIJA;2020H1;2 leti;20410
SLOVENIJA;2020H1;3 leta;20584
SLOVENIJA;2020H1;4 leta;20793
SLOVENIJA;2020H1;5 let;21368
SLOVENIJA;2020H1;6 let;21315
SLOVENIJA;2020H1;7 let;22308
SLOVENIJA;2020H1;8 let;22349
SLOVENIJA;2020H1;9 let;22919
SLOVENIJA;2020H1;10 let;22373
SLOVENIJA;2020H1;11 let;22625
SLOVENIJA;2020H1;12 let;20863
SLOVENIJA;2020H1;13 let;19898
SLOVENIJA;2020H1;14 let;18997
SLOVENIJA;2020H1;15 let;18834
SLOVENIJA;2020H1;16 let;18180
SLOVENIJA;2020H1;17 let;18579
SLOVENIJA;2020H1;18 let;18598
SLOVENIJA;2020H1;19 let;19538
SLOVENIJA;2020H1;20 let;19372
SLOVENIJA;2020H1;21 let;20078
SLOVENIJA;2020H1;22 let;20740
SLOVENIJA;2020H1;23 let;21474
SLOVENIJA;2020H1;24 let;21425
SLOVENIJA;2020H1;25 let;21827
SLOVENIJA;2020H1;26 let;22021
SLOVENIJA;2020H1;27 let;22091
SLOVENIJA;2020H1;28 let;23704
SLOVENIJA;2020H1;29 let;24233
SLOVENIJA;2020H1;30 let;25266
SLOVENIJA;2020H1;31 let;27444
SLOVENIJA;2020H1;32 let;27909
SLOVENIJA;2020H1;33 let;27298
SLOVENIJA;2020H1;34 let;28348
SLOVENIJA;2020H1;35 let;28933
SLOVENIJA;2020H1;36 let;29466
SLOVENIJA;2020H1;37 let;30541
SLOVENIJA;2020H1;38 let;31436
SLOVENIJA;2020H1;39 let;32161
SLOVENIJA;2020H1;40 let;32392
SLOVENIJA;2020H1;41 let;32125
SLOVENIJA;2020H1;42 let;31682
SLOVENIJA;2020H1;43 let;32215
SLOVENIJA;2020H1;44 let;31307
SLOVENIJA;2020H1;45 let;30440
SLOVENIJA;2020H1;46 let;30542
SLOVENIJA;2020H1;47 let;30159
SLOVENIJA;2020H1;48 let;29493
SLOVENIJA;2020H1;49 let;28332
SLOVENIJA;2020H1;50 let;29143
SLOVENIJA;2020H1;51 let;29634
SLOVENIJA;2020H1;52 let;30678
SLOVENIJA;2020H1;53 let;31675
SLOVENIJA;2020H1;54 let;31625
SLOVENIJA;2020H1;55 let;30462
SLOVENIJA;2020H1;56 let;30268
SLOVENIJA;2020H1;57 let;30141
SLOVENIJA;2020H1;58 let;30088
SLOVENIJA;2020H1;59 let;29411
SLOVENIJA;2020H1;60 let;28905
SLOVENIJA;2020H1;61 let;28522
SLOVENIJA;2020H1;62 let;28844
SLOVENIJA;2020H1;63 let;29491
SLOVENIJA;2020H1;64 let;28985
SLOVENIJA;2020H1;65 let;28142
SLOVENIJA;2020H1;66 let;28015
SLOVENIJA;2020H1;67 let;27072
SLOVENIJA;2020H1;68 let;25471
SLOVENIJA;2020H1;69 let;25497
SLOVENIJA;2020H1;70 let;23059
SLOVENIJA;2020H1;71 let;21557
SLOVENIJA;2020H1;72 let;20438
SLOVENIJA;2020H1;73 let;18301
SLOVENIJA;2020H1;74 let;13052
SLOVENIJA;2020H1;75 let;15661
SLOVENIJA;2020H1;76 let;17028
SLOVENIJA;2020H1;77 let;16603
SLOVENIJA;2020H1;78 let;15267
SLOVENIJA;2020H1;79 let;14674
SLOVENIJA;2020H1;80 let;13868
SLOVENIJA;2020H1;81 let;12779
SLOVENIJA;2020H1;82 let;11870
SLOVENIJA;2020H1;83 let;11370
SLOVENIJA;2020H1;84 let;10144
SLOVENIJA;2020H1;85 + let;54136
SLOVENIJA;2021H1;Starost - SKUPAJ;2108977
SLOVENIJA;2021H1;0 let;18734
SLOVENIJA;2021H1;1 leto;19480
SLOVENIJA;2021H1;2 leti;19847
SLOVENIJA;2021H1;3 leta;20560
SLOVENIJA;2021H1;4 leta;20728
SLOVENIJA;2021H1;5 let;20942
SLOVENIJA;2021H1;6 let;21508
SLOVENIJA;2021H1;7 let;21486
SLOVENIJA;2021H1;8 let;22486
SLOVENIJA;2021H1;9 let;22500
SLOVENIJA;2021H1;10 let;23109
SLOVENIJA;2021H1;11 let;22552
SLOVENIJA;2021H1;12 let;22774
SLOVENIJA;2021H1;13 let;20993
SLOVENIJA;2021H1;14 let;20032
SLOVENIJA;2021H1;15 let;19151
SLOVENIJA;2021H1;16 let;19028
SLOVENIJA;2021H1;17 let;18300
SLOVENIJA;2021H1;18 let;18653
SLOVENIJA;2021H1;19 let;18815
SLOVENIJA;2021H1;20 let;20278
SLOVENIJA;2021H1;21 let;19786
SLOVENIJA;2021H1;22 let;20433
SLOVENIJA;2021H1;23 let;21240
SLOVENIJA;2021H1;24 let;21921
SLOVENIJA;2021H1;25 let;21859
SLOVENIJA;2021H1;26 let;22160
SLOVENIJA;2021H1;27 let;22379
SLOVENIJA;2021H1;28 let;22496
SLOVENIJA;2021H1;29 let;24111
SLOVENIJA;2021H1;30 let;24585
SLOVENIJA;2021H1;31 let;25614
SLOVENIJA;2021H1;32 let;27706
SLOVENIJA;2021H1;33 let;28147
SLOVENIJA;2021H1;34 let;27590
SLOVENIJA;2021H1;35 let;28639
SLOVENIJA;2021H1;36 let;29195
SLOVENIJA;2021H1;37 let;29726
SLOVENIJA;2021H1;38 let;30802
SLOVENIJA;2021H1;39 let;31712
SLOVENIJA;2021H1;40 let;32431
SLOVENIJA;2021H1;41 let;32656
SLOVENIJA;2021H1;42 let;32302
SLOVENIJA;2021H1;43 let;31899
SLOVENIJA;2021H1;44 let;32526
SLOVENIJA;2021H1;45 let;31518
SLOVENIJA;2021H1;46 let;30645
SLOVENIJA;2021H1;47 let;30684
SLOVENIJA;2021H1;48 let;30304
SLOVENIJA;2021H1;49 let;29615
SLOVENIJA;2021H1;50 let;28446
SLOVENIJA;2021H1;51 let;29211
SLOVENIJA;2021H1;52 let;29752
SLOVENIJA;2021H1;53 let;30703
SLOVENIJA;2021H1;54 let;31689
SLOVENIJA;2021H1;55 let;31588
SLOVENIJA;2021H1;56 let;30469
SLOVENIJA;2021H1;57 let;30212
SLOVENIJA;2021H1;58 let;30078
SLOVENIJA;2021H1;59 let;30005
SLOVENIJA;2021H1;60 let;29327
SLOVENIJA;2021H1;61 let;28769
SLOVENIJA;2021H1;62 let;28369
SLOVENIJA;2021H1;63 let;28669
SLOVENIJA;2021H1;64 let;29338
SLOVENIJA;2021H1;65 let;28730
SLOVENIJA;2021H1;66 let;27909
SLOVENIJA;2021H1;67 let;27728
SLOVENIJA;2021H1;68 let;26854
SLOVENIJA;2021H1;69 let;25306
SLOVENIJA;2021H1;70 let;25294
SLOVENIJA;2021H1;71 let;22854
SLOVENIJA;2021H1;72 let;21343
SLOVENIJA;2021H1;73 let;20258
SLOVENIJA;2021H1;74 let;18074
SLOVENIJA;2021H1;75 let;12813
SLOVENIJA;2021H1;76 let;15353
SLOVENIJA;2021H1;77 let;16630
SLOVENIJA;2021H1;78 let;16160
SLOVENIJA;2021H1;79 let;14782
SLOVENIJA;2021H1;80 let;14066
SLOVENIJA;2021H1;81 let;13233
SLOVENIJA;2021H1;82 let;12062
SLOVENIJA;2021H1;83 let;11165
SLOVENIJA;2021H1;84 let;10526
SLOVENIJA;2021H1;85 + let;54575
SLOVENIJA;2022H1;Starost - SKUPAJ;2107180
SLOVENIJA;2022H1;0 let;18968
SLOVENIJA;2022H1;1 leto;18866
SLOVENIJA;2022H1;2 leti;19582
SLOVENIJA;2022H1;3 leta;19932
SLOVENIJA;2022H1;4 leta;20685
SLOVENIJA;2022H1;5 let;20820
SLOVENIJA;2022H1;6 let;21026
SLOVENIJA;2022H1;7 let;21656
SLOVENIJA;2022H1;8 let;21552
SLOVENIJA;2022H1;9 let;22565
SLOVENIJA;2022H1;10 let;22552
SLOVENIJA;2022H1;11 let;23170
SLOVENIJA;2022H1;12 let;22639
SLOVENIJA;2022H1;13 let;22859
SLOVENIJA;2022H1;14 let;21066
SLOVENIJA;2022H1;15 let;20138
SLOVENIJA;2022H1;16 let;19255
SLOVENIJA;2022H1;17 let;19059
SLOVENIJA;2022H1;18 let;18289
SLOVENIJA;2022H1;19 let;18819
SLOVENIJA;2022H1;20 let;19340
SLOVENIJA;2022H1;21 let;20460
SLOVENIJA;2022H1;22 let;19977
SLOVENIJA;2022H1;23 let;20582
SLOVENIJA;2022H1;24 let;21374
SLOVENIJA;2022H1;25 let;22037
SLOVENIJA;2022H1;26 let;21914
SLOVENIJA;2022H1;27 let;22226
SLOVENIJA;2022H1;28 let;22371
SLOVENIJA;2022H1;29 let;22542
SLOVENIJA;2022H1;30 let;24124
SLOVENIJA;2022H1;31 let;24661
SLOVENIJA;2022H1;32 let;25622
SLOVENIJA;2022H1;33 let;27798
SLOVENIJA;2022H1;34 let;28124
SLOVENIJA;2022H1;35 let;27562
SLOVENIJA;2022H1;36 let;28703
SLOVENIJA;2022H1;37 let;29195
SLOVENIJA;2022H1;38 let;29689
SLOVENIJA;2022H1;39 let;30712
SLOVENIJA;2022H1;40 let;31701
SLOVENIJA;2022H1;41 let;32366
SLOVENIJA;2022H1;42 let;32596
SLOVENIJA;2022H1;43 let;32291
SLOVENIJA;2022H1;44 let;31870
SLOVENIJA;2022H1;45 let;32466
SLOVENIJA;2022H1;46 let;31447
SLOVENIJA;2022H1;47 let;30589
SLOVENIJA;2022H1;48 let;30607
SLOVENIJA;2022H1;49 let;30261
SLOVENIJA;2022H1;50 let;29492
SLOVENIJA;2022H1;51 let;28370
SLOVENIJA;2022H1;52 let;29039
SLOVENIJA;2022H1;53 let;29619
SLOVENIJA;2022H1;54 let;30524
SLOVENIJA;2022H1;55 let;31555
SLOVENIJA;2022H1;56 let;31415
SLOVENIJA;2022H1;57 let;30287
SLOVENIJA;2022H1;58 let;30028
SLOVENIJA;2022H1;59 let;29832
SLOVENIJA;2022H1;60 let;29707
SLOVENIJA;2022H1;61 let;28995
SLOVENIJA;2022H1;62 let;28436
SLOVENIJA;2022H1;63 let;28078
SLOVENIJA;2022H1;64 let;28355
SLOVENIJA;2022H1;65 let;28915
SLOVENIJA;2022H1;66 let;28324
SLOVENIJA;2022H1;67 let;27487
SLOVENIJA;2022H1;68 let;27252
SLOVENIJA;2022H1;69 let;26357
SLOVENIJA;2022H1;70 let;24847
SLOVENIJA;2022H1;71 let;24773
SLOVENIJA;2022H1;72 let;22347
SLOVENIJA;2022H1;73 let;20854
SLOVENIJA;2022H1;74 let;19781
SLOVENIJA;2022H1;75 let;17568
SLOVENIJA;2022H1;76 let;12385
SLOVENIJA;2022H1;77 let;14803
SLOVENIJA;2022H1;78 let;16006
SLOVENIJA;2022H1;79 let;15499
SLOVENIJA;2022H1;80 let;14100
SLOVENIJA;2022H1;81 let;13343
SLOVENIJA;2022H1;82 let;12476
SLOVENIJA;2022H1;83 let;11254
SLOVENIJA;2022H1;84 let;10368
SLOVENIJA;2022H1;85 + let;56004
SLOVENIJA;2023H1;Starost - SKUPAJ;2116972
SLOVENIJA;2023H1;0 let;17584
SLOVENIJA;2023H1;1 leto;19208
SLOVENIJA;2023H1;2 leti;19030
SLOVENIJA;2023H1;3 leta;19810
SLOVENIJA;2023H1;4 leta;20171
SLOVENIJA;2023H1;5 let;20899
SLOVENIJA;2023H1;6 let;21043
SLOVENIJA;2023H1;7 let;21270
SLOVENIJA;2023H1;8 let;21866
SLOVENIJA;2023H1;9 let;21775
SLOVENIJA;2023H1;10 let;22806
SLOVENIJA;2023H1;11 let;22786
SLOVENIJA;2023H1;12 let;23387
SLOVENIJA;2023H1;13 let;22842
SLOVENIJA;2023H1;14 let;23054
SLOVENIJA;2023H1;15 let;21294
SLOVENIJA;2023H1;16 let;20317
SLOVENIJA;2023H1;17 let;19432
SLOVENIJA;2023H1;18 let;19224
SLOVENIJA;2023H1;19 let;18658
SLOVENIJA;2023H1;20 let;19621
SLOVENIJA;2023H1;21 let;20026
SLOVENIJA;2023H1;22 let;21086
SLOVENIJA;2023H1;23 let;20492
SLOVENIJA;2023H1;24 let;21045
SLOVENIJA;2023H1;25 let;21910
SLOVENIJA;2023H1;26 let;22495
SLOVENIJA;2023H1;27 let;22302
SLOVENIJA;2023H1;28 let;22505
SLOVENIJA;2023H1;29 let;22617
SLOVENIJA;2023H1;30 let;22787
SLOVENIJA;2023H1;31 let;24416
SLOVENIJA;2023H1;32 let;24979
SLOVENIJA;2023H1;33 let;25928
SLOVENIJA;2023H1;34 let;28081
SLOVENIJA;2023H1;35 let;28407
SLOVENIJA;2023H1;36 let;27891
SLOVENIJA;2023H1;37 let;28983
SLOVENIJA;2023H1;38 let;29454
SLOVENIJA;2023H1;39 let;29920
SLOVENIJA;2023H1;40 let;30937
SLOVENIJA;2023H1;41 let;31872
SLOVENIJA;2023H1;42 let;32584
SLOVENIJA;2023H1;43 let;32717
SLOVENIJA;2023H1;44 let;32425
SLOVENIJA;2023H1;45 let;32019
SLOVENIJA;2023H1;46 let;32667
SLOVENIJA;2023H1;47 let;31573
SLOVENIJA;2023H1;48 let;30642
SLOVENIJA;2023H1;49 let;30665
SLOVENIJA;2023H1;50 let;30333
SLOVENIJA;2023H1;51 let;29547
SLOVENIJA;2023H1;52 let;28343
SLOVENIJA;2023H1;53 let;28979
SLOVENIJA;2023H1;54 let;29585
SLOVENIJA;2023H1;55 let;30472
SLOVENIJA;2023H1;56 let;31426
SLOVENIJA;2023H1;57 let;31254
SLOVENIJA;2023H1;58 let;30148
SLOVENIJA;2023H1;59 let;29863
SLOVENIJA;2023H1;60 let;29648
SLOVENIJA;2023H1;61 let;29475
SLOVENIJA;2023H1;62 let;28728
SLOVENIJA;2023H1;63 let;28173
SLOVENIJA;2023H1;64 let;27788
SLOVENIJA;2023H1;65 let;28052
SLOVENIJA;2023H1;66 let;28614
SLOVENIJA;2023H1;67 let;27960
SLOVENIJA;2023H1;68 let;27076
SLOVENIJA;2023H1;69 let;26818
SLOVENIJA;2023H1;70 let;25898
SLOVENIJA;2023H1;71 let;24441
SLOVENIJA;2023H1;72 let;24232
SLOVENIJA;2023H1;73 let;21872
SLOVENIJA;2023H1;74 let;20423
SLOVENIJA;2023H1;75 let;19286
SLOVENIJA;2023H1;76 let;17129
SLOVENIJA;2023H1;77 let;12000
SLOVENIJA;2023H1;78 let;14324
SLOVENIJA;2023H1;79 let;15340
SLOVENIJA;2023H1;80 let;14849
SLOVENIJA;2023H1;81 let;13427
SLOVENIJA;2023H1;82 let;12629
SLOVENIJA;2023H1;83 let;11739
SLOVENIJA;2023H1;84 let;10463
SLOVENIJA;2023H1;85 + let;57136
SLOVENIJA;2024H1;Starost - SKUPAJ;2123949
SLOVENIJA;2024H1;0 let;16960
SLOVENIJA;2024H1;1 leto;17719
SLOVENIJA;2024H1;2 leti;19258
SLOVENIJA;2024H1;3 leta;19136
SLOVENIJA;2024H1;4 leta;19880
SLOVENIJA;2024H1;5 let;20253
SLOVENIJA;2024H1;6 let;21000
SLOVENIJA;2024H1;7 let;21162
SLOVENIJA;2024H1;8 let;21380
SLOVENIJA;2024H1;9 let;21964
SLOVENIJA;2024H1;10 let;21883
SLOVENIJA;2024H1;11 let;22898
SLOVENIJA;2024H1;12 let;22911
SLOVENIJA;2024H1;13 let;23490
SLOVENIJA;2024H1;14 let;22951
SLOVENIJA;2024H1;15 let;23170
SLOVENIJA;2024H1;16 let;21411
SLOVENIJA;2024H1;17 let;20378
SLOVENIJA;2024H1;18 let;19533
SLOVENIJA;2024H1;19 let;19501
SLOVENIJA;2024H1;20 let;19485
SLOVENIJA;2024H1;21 let;20269
SLOVENIJA;2024H1;22 let;20581
SLOVENIJA;2024H1;23 let;21575
SLOVENIJA;2024H1;24 let;20874
SLOVENIJA;2024H1;25 let;21417
SLOVENIJA;2024H1;26 let;22257
SLOVENIJA;2024H1;27 let;22815
SLOVENIJA;2024H1;28 let;22566
SLOVENIJA;2024H1;29 let;22820
SLOVENIJA;2024H1;30 let;22843
SLOVENIJA;2024H1;31 let;23007
SLOVENIJA;2024H1;32 let;24676
SLOVENIJA;2024H1;33 let;25196
SLOVENIJA;2024H1;34 let;26159
SLOVENIJA;2024H1;35 let;28285
SLOVENIJA;2024H1;36 let;28607
SLOVENIJA;2024H1;37 let;28153
SLOVENIJA;2024H1;38 let;29124
SLOVENIJA;2024H1;39 let;29650
SLOVENIJA;2024H1;40 let;30147
SLOVENIJA;2024H1;41 let;31147
SLOVENIJA;2024H1;42 let;32098
SLOVENIJA;2024H1;43 let;32787
SLOVENIJA;2024H1;44 let;32897
SLOVENIJA;2024H1;45 let;32612
SLOVENIJA;2024H1;46 let;32193
SLOVENIJA;2024H1;47 let;32818
SLOVENIJA;2024H1;48 let;31665
SLOVENIJA;2024H1;49 let;30702
SLOVENIJA;2024H1;50 let;30767
SLOVENIJA;2024H1;51 let;30374
SLOVENIJA;2024H1;52 let;29603
SLOVENIJA;2024H1;53 let;28343
SLOVENIJA;2024H1;54 let;28950
SLOVENIJA;2024H1;55 let;29528
SLOVENIJA;2024H1;56 let;30381
SLOVENIJA;2024H1;57 let;31325
SLOVENIJA;2024H1;58 let;31141
SLOVENIJA;2024H1;59 let;29979
SLOVENIJA;2024H1;60 let;29698
SLOVENIJA;2024H1;61 let;29429
SLOVENIJA;2024H1;62 let;29259
SLOVENIJA;2024H1;63 let;28476
SLOVENIJA;2024H1;64 let;27921
SLOVENIJA;2024H1;65 let;27404
SLOVENIJA;2024H1;66 let;27676
SLOVENIJA;2024H1;67 let;28216
SLOVENIJA;2024H1;68 let;27558
SLOVENIJA;2024H1;69 let;26675
SLOVENIJA;2024H1;70 let;26402
SLOVENIJA;2024H1;71 let;25448
SLOVENIJA;2024H1;72 let;23941
SLOVENIJA;2024H1;73 let;23745
SLOVENIJA;2024H1;74 let;21402
SLOVENIJA;2024H1;75 let;19963
SLOVENIJA;2024H1;76 let;18748
SLOVENIJA;2024H1;77 let;16649
SLOVENIJA;2024H1;78 let;11617
SLOVENIJA;2024H1;79 let;13779
SLOVENIJA;2024H1;80 let;14733
SLOVENIJA;2024H1;81 let;14176
SLOVENIJA;2024H1;82 let;12728
SLOVENIJA;2024H1;83 let;11871
SLOVENIJA;2024H1;84 let;10915
SLOVENIJA;2024H1;85 + let;58866
SLOVENIJA;2025H1;Starost - SKUPAJ;2130850
SLOVENIJA;2025H1;0 let;16864
SLOVENIJA;2025H1;1 leto;17107
SLOVENIJA;2025H1;2 leti;17828
SLOVENIJA;2025H1;3 leta;19387
SLOVENIJA;2025H1;4 leta;19283
SLOVENIJA;2025H1;5 let;20009
SLOVENIJA;2025H1;6 let;20370
SLOVENIJA;2025H1;7 let;21157
SLOVENIJA;2025H1;8 let;21303
SLOVENIJA;2025H1;9 let;21517
SLOVENIJA;2025H1;10 let;22110
SLOVENIJA;2025H1;11 let;22035
SLOVENIJA;2025H1;12 let;23054
SLOVENIJA;2025H1;13 let;23056
SLOVENIJA;2025H1;14 let;23643
SLOVENIJA;2025H1;15 let;23081
SLOVENIJA;2025H1;16 let;23358
SLOVENIJA;2025H1;17 let;21573
SLOVENIJA;2025H1;18 let;20520
SLOVENIJA;2025H1;19 let;19847
SLOVENIJA;2025H1;20 let;20341
SLOVENIJA;2025H1;21 let;19905
SLOVENIJA;2025H1;22 let;20628
SLOVENIJA;2025H1;23 let;20931
SLOVENIJA;2025H1;24 let;21928
SLOVENIJA;2025H1;25 let;21159
SLOVENIJA;2025H1;26 let;21797
SLOVENIJA;2025H1;27 let;22489
SLOVENIJA;2025H1;28 let;23075
SLOVENIJA;2025H1;29 let;22798
SLOVENIJA;2025H1;30 let;23075
SLOVENIJA;2025H1;31 let;23041
SLOVENIJA;2025H1;32 let;23140
SLOVENIJA;2025H1;33 let;24824
SLOVENIJA;2025H1;34 let;25363
SLOVENIJA;2025H1;35 let;26338
SLOVENIJA;2025H1;36 let;28475
SLOVENIJA;2025H1;37 let;28809
SLOVENIJA;2025H1;38 let;28309
SLOVENIJA;2025H1;39 let;29252
SLOVENIJA;2025H1;40 let;29877
SLOVENIJA;2025H1;41 let;30326
SLOVENIJA;2025H1;42 let;31283
SLOVENIJA;2025H1;43 let;32249
SLOVENIJA;2025H1;44 let;32929
SLOVENIJA;2025H1;45 let;33059
SLOVENIJA;2025H1;46 let;32724
SLOVENIJA;2025H1;47 let;32331
SLOVENIJA;2025H1;48 let;32871
SLOVENIJA;2025H1;49 let;31815
SLOVENIJA;2025H1;50 let;30759
SLOVENIJA;2025H1;51 let;30842
SLOVENIJA;2025H1;52 let;30418
SLOVENIJA;2025H1;53 let;29588
SLOVENIJA;2025H1;54 let;28352
SLOVENIJA;2025H1;55 let;28939
SLOVENIJA;2025H1;56 let;29494
SLOVENIJA;2025H1;57 let;30275
SLOVENIJA;2025H1;58 let;31251
SLOVENIJA;2025H1;59 let;31019
SLOVENIJA;2025H1;60 let;29827
SLOVENIJA;2025H1;61 let;29503
SLOVENIJA;2025H1;62 let;29248
SLOVENIJA;2025H1;63 let;29010
SLOVENIJA;2025H1;64 let;28282
SLOVENIJA;2025H1;65 let;27520
SLOVENIJA;2025H1;66 let;27066
SLOVENIJA;2025H1;67 let;27306
SLOVENIJA;2025H1;68 let;27857
SLOVENIJA;2025H1;69 let;27178
SLOVENIJA;2025H1;70 let;26306
SLOVENIJA;2025H1;71 let;25998
SLOVENIJA;2025H1;72 let;25022
SLOVENIJA;2025H1;73 let;23521
SLOVENIJA;2025H1;74 let;23234
SLOVENIJA;2025H1;75 let;20927
SLOVENIJA;2025H1;76 let;19471
SLOVENIJA;2025H1;77 let;18253
SLOVENIJA;2025H1;78 let;16189
SLOVENIJA;2025H1;79 let;11236
SLOVENIJA;2025H1;80 let;13239
SLOVENIJA;2025H1;81 let;14103
SLOVENIJA;2025H1;82 let;13477
SLOVENIJA;2025H1;83 let;12050
SLOVENIJA;2025H1;84 let;11129
SLOVENIJA;2025H1;85 + let;60718
SLOVENIJA;2026H1;Starost - SKUPAJ;2135107
SLOVENIJA;2026H1;0 let;16943
SLOVENIJA;2026H1;1 leto;16926
SLOVENIJA;2026H1;2 leti;17156
SLOVENIJA;2026H1;3 leta;17944
SLOVENIJA;2026H1;4 leta;19498
SLOVENIJA;2026H1;5 let;19384
SLOVENIJA;2026H1;6 let;20113
SLOVENIJA;2026H1;7 let;20494
SLOVENIJA;2026H1;8 let;21268
SLOVENIJA;2026H1;9 let;21409
SLOVENIJA;2026H1;10 let;21605
SLOVENIJA;2026H1;11 let;22248
SLOVENIJA;2026H1;12 let;22141
SLOVENIJA;2026H1;13 let;23137
SLOVENIJA;2026H1;14 let;23141
SLOVENIJA;2026H1;15 let;23737
SLOVENIJA;2026H1;16 let;23244
SLOVENIJA;2026H1;17 let;23469
SLOVENIJA;2026H1;18 let;21696
SLOVENIJA;2026H1;19 let;20924
SLOVENIJA;2026H1;20 let;20795
SLOVENIJA;2026H1;21 let;20802
SLOVENIJA;2026H1;22 let;20311
SLOVENIJA;2026H1;23 let;21019
SLOVENIJA;2026H1;24 let;21185
SLOVENIJA;2026H1;25 let;22273
SLOVENIJA;2026H1;26 let;21402
SLOVENIJA;2026H1;27 let;21986
SLOVENIJA;2026H1;28 let;22683
SLOVENIJA;2026H1;29 let;23245
SLOVENIJA;2026H1;30 let;22954
SLOVENIJA;2026H1;31 let;23209
SLOVENIJA;2026H1;32 let;23139
SLOVENIJA;2026H1;33 let;23279
SLOVENIJA;2026H1;34 let;24969
SLOVENIJA;2026H1;35 let;25500
SLOVENIJA;2026H1;36 let;26474
SLOVENIJA;2026H1;37 let;28654
SLOVENIJA;2026H1;38 let;29014
SLOVENIJA;2026H1;39 let;28426
SLOVENIJA;2026H1;40 let;29379
SLOVENIJA;2026H1;41 let;29942
SLOVENIJA;2026H1;42 let;30405
SLOVENIJA;2026H1;43 let;31448
SLOVENIJA;2026H1;44 let;32370
SLOVENIJA;2026H1;45 let;32961
SLOVENIJA;2026H1;46 let;33101
SLOVENIJA;2026H1;47 let;32791
SLOVENIJA;2026H1;48 let;32273
SLOVENIJA;2026H1;49 let;32937
SLOVENIJA;2026H1;50 let;31821
SLOVENIJA;2026H1;51 let;30794
SLOVENIJA;2026H1;52 let;30800
SLOVENIJA;2026H1;53 let;30358
SLOVENIJA;2026H1;54 let;29550
SLOVENIJA;2026H1;55 let;28300
SLOVENIJA;2026H1;56 let;28848
SLOVENIJA;2026H1;57 let;29358
SLOVENIJA;2026H1;58 let;30173
SLOVENIJA;2026H1;59 let;31102
SLOVENIJA;2026H1;60 let;30859
SLOVENIJA;2026H1;61 let;29658
SLOVENIJA;2026H1;62 let;29276
SLOVENIJA;2026H1;63 let;28989
SLOVENIJA;2026H1;64 let;28761
SLOVENIJA;2026H1;65 let;27908
SLOVENIJA;2026H1;66 let;27126
SLOVENIJA;2026H1;67 let;26732
SLOVENIJA;2026H1;68 let;26967
SLOVENIJA;2026H1;69 let;27487
SLOVENIJA;2026H1;70 let;26761
SLOVENIJA;2026H1;71 let;25875
SLOVENIJA;2026H1;72 let;25530
SLOVENIJA;2026H1;73 let;24530
SLOVENIJA;2026H1;74 let;23045
SLOVENIJA;2026H1;75 let;22701
SLOVENIJA;2026H1;76 let;20420
SLOVENIJA;2026H1;77 let;18938
SLOVENIJA;2026H1;78 let;17738
SLOVENIJA;2026H1;79 let;15629
SLOVENIJA;2026H1;80 let;10746
SLOVENIJA;2026H1;81 let;12683
SLOVENIJA;2026H1;82 let;13414
SLOVENIJA;2026H1;83 let;12745
SLOVENIJA;2026H1;84 let;11281
SLOVENIJA;2026H1;85 + let;62801
Črnomelj;2008H1;Starost - SKUPAJ;14854
Črnomelj;2008H1;0 let;155
Črnomelj;2008H1;1 leto;125
Črnomelj;2008H1;2 leti;151
Črnomelj;2008H1;3 leta;121
Črnomelj;2008H1;4 leta;109
Črnomelj;2008H1;5 let;116
Črnomelj;2008H1;6 let;151
Črnomelj;2008H1;7 let;120
Črnomelj;2008H1;8 let;124
Črnomelj;2008H1;9 let;125
Črnomelj;2008H1;10 let;140
Črnomelj;2008H1;11 let;138
Črnomelj;2008H1;12 let;155
Črnomelj;2008H1;13 let;162
Črnomelj;2008H1;14 let;151
Črnomelj;2008H1;15 let;153
Črnomelj;2008H1;16 let;165
Črnomelj;2008H1;17 let;164
Črnomelj;2008H1;18 let;200
Črnomelj;2008H1;19 let;227
Črnomelj;2008H1;20 let;225
Črnomelj;2008H1;21 let;229
Črnomelj;2008H1;22 let;225
Črnomelj;2008H1;23 let;210
Črnomelj;2008H1;24 let;242
Črnomelj;2008H1;25 let;252
Črnomelj;2008H1;26 let;231
Črnomelj;2008H1;27 let;224
Črnomelj;2008H1;28 let;219
Črnomelj;2008H1;29 let;259
Črnomelj;2008H1;30 let;208
Črnomelj;2008H1;31 let;224
Črnomelj;2008H1;32 let;236
Črnomelj;2008H1;33 let;216
Črnomelj;2008H1;34 let;191
Črnomelj;2008H1;35 let;198
Črnomelj;2008H1;36 let;185
Črnomelj;2008H1;37 let;180
Črnomelj;2008H1;38 let;195
Črnomelj;2008H1;39 let;211
Črnomelj;2008H1;40 let;215
Črnomelj;2008H1;41 let;204
Črnomelj;2008H1;42 let;204
Črnomelj;2008H1;43 let;213
Črnomelj;2008H1;44 let;248
Črnomelj;2008H1;45 let;227
Črnomelj;2008H1;46 let;245
Črnomelj;2008H1;47 let;235
Črnomelj;2008H1;48 let;237
Črnomelj;2008H1;49 let;242
Črnomelj;2008H1;50 let;275
Črnomelj;2008H1;51 let;253
Črnomelj;2008H1;52 let;255
Črnomelj;2008H1;53 let;232
Črnomelj;2008H1;54 let;227
Črnomelj;2008H1;55 let;207
Črnomelj;2008H1;56 let;221
Črnomelj;2008H1;57 let;208
Črnomelj;2008H1;58 let;209
Črnomelj;2008H1;59 let;170
Črnomelj;2008H1;60 let;177
Črnomelj;2008H1;61 let;155
Črnomelj;2008H1;62 let;87
Črnomelj;2008H1;63 let;120
Črnomelj;2008H1;64 let;119
Črnomelj;2008H1;65 let;133
Črnomelj;2008H1;66 let;117
Črnomelj;2008H1;67 let;127
Črnomelj;2008H1;68 let;119
Črnomelj;2008H1;69 let;114
Črnomelj;2008H1;70 let;119
Črnomelj;2008H1;71 let;131
Črnomelj;2008H1;72 let;130
Črnomelj;2008H1;73 let;148
Črnomelj;2008H1;74 let;132
Črnomelj;2008H1;75 let;126
Črnomelj;2008H1;76 let;111
Črnomelj;2008H1;77 let;93
Črnomelj;2008H1;78 let;109
Črnomelj;2008H1;79 let;94
Črnomelj;2008H1;80 let;94
Črnomelj;2008H1;81 let;72
Črnomelj;2008H1;82 let;74
Črnomelj;2008H1;83 let;64
Črnomelj;2008H1;84 let;47
Črnomelj;2008H1;85 + let;203
Črnomelj;2009H1;Starost - SKUPAJ;14726
Črnomelj;2009H1;0 let;155
Črnomelj;2009H1;1 leto;159
Črnomelj;2009H1;2 leti;123
Črnomelj;2009H1;3 leta;151
Črnomelj;2009H1;4 leta;125
Črnomelj;2009H1;5 let;106
Črnomelj;2009H1;6 let;113
Črnomelj;2009H1;7 let;151
Črnomelj;2009H1;8 let;121
Črnomelj;2009H1;9 let;126
Črnomelj;2009H1;10 let;124
Črnomelj;2009H1;11 let;143
Črnomelj;2009H1;12 let;139
Črnomelj;2009H1;13 let;156
Črnomelj;2009H1;14 let;159
Črnomelj;2009H1;15 let;156
Črnomelj;2009H1;16 let;156
Črnomelj;2009H1;17 let;169
Črnomelj;2009H1;18 let;162
Črnomelj;2009H1;19 let;183
Črnomelj;2009H1;20 let;198
Črnomelj;2009H1;21 let;194
Črnomelj;2009H1;22 let;202
Črnomelj;2009H1;23 let;198
Črnomelj;2009H1;24 let;193
Črnomelj;2009H1;25 let;230
Črnomelj;2009H1;26 let;236
Črnomelj;2009H1;27 let;221
Črnomelj;2009H1;28 let;234
Črnomelj;2009H1;29 let;210
Črnomelj;2009H1;30 let;257
Črnomelj;2009H1;31 let;201
Črnomelj;2009H1;32 let;226
Črnomelj;2009H1;33 let;226
Črnomelj;2009H1;34 let;210
Črnomelj;2009H1;35 let;188
Črnomelj;2009H1;36 let;192
Črnomelj;2009H1;37 let;179
Črnomelj;2009H1;38 let;173
Črnomelj;2009H1;39 let;190
Črnomelj;2009H1;40 let;211
Črnomelj;2009H1;41 let;208
Črnomelj;2009H1;42 let;200
Črnomelj;2009H1;43 let;206
Črnomelj;2009H1;44 let;211
Črnomelj;2009H1;45 let;248
Črnomelj;2009H1;46 let;226
Črnomelj;2009H1;47 let;238
Črnomelj;2009H1;48 let;241
Črnomelj;2009H1;49 let;232
Črnomelj;2009H1;50 let;240
Črnomelj;2009H1;51 let;274
Črnomelj;2009H1;52 let;257
Črnomelj;2009H1;53 let;262
Črnomelj;2009H1;54 let;229
Črnomelj;2009H1;55 let;230
Črnomelj;2009H1;56 let;206
Črnomelj;2009H1;57 let;221
Črnomelj;2009H1;58 let;208
Črnomelj;2009H1;59 let;208
Črnomelj;2009H1;60 let;175
Črnomelj;2009H1;61 let;171
Črnomelj;2009H1;62 let;154
Črnomelj;2009H1;63 let;87
Črnomelj;2009H1;64 let;122
Črnomelj;2009H1;65 let;119
Črnomelj;2009H1;66 let;130
Črnomelj;2009H1;67 let;119
Črnomelj;2009H1;68 let;128
Črnomelj;2009H1;69 let;121
Črnomelj;2009H1;70 let;114
Črnomelj;2009H1;71 let;118
Črnomelj;2009H1;72 let;129
Črnomelj;2009H1;73 let;128
Črnomelj;2009H1;74 let;145
Črnomelj;2009H1;75 let;129
Črnomelj;2009H1;76 let;128
Črnomelj;2009H1;77 let;107
Črnomelj;2009H1;78 let;95
Črnomelj;2009H1;79 let;104
Črnomelj;2009H1;80 let;92
Črnomelj;2009H1;81 let;90
Črnomelj;2009H1;82 let;74
Črnomelj;2009H1;83 let;68
Črnomelj;2009H1;84 let;65
Črnomelj;2009H1;85 + let;223
Črnomelj;2010H1;Starost - SKUPAJ;14698
Črnomelj;2010H1;0 let;158
Črnomelj;2010H1;1 leto;154
Črnomelj;2010H1;2 leti;163
Črnomelj;2010H1;3 leta;121
Črnomelj;2010H1;4 leta;150
Črnomelj;2010H1;5 let;126
Črnomelj;2010H1;6 let;105
Črnomelj;2010H1;7 let;114
Črnomelj;2010H1;8 let;150
Črnomelj;2010H1;9 let;119
Črnomelj;2010H1;10 let;123
Črnomelj;2010H1;11 let;122
Črnomelj;2010H1;12 let;141
Črnomelj;2010H1;13 let;139
Črnomelj;2010H1;14 let;156
Črnomelj;2010H1;15 let;163
Črnomelj;2010H1;16 let;152
Črnomelj;2010H1;17 let;155
Črnomelj;2010H1;18 let;161
Črnomelj;2010H1;19 let;139
Črnomelj;2010H1;20 let;170
Črnomelj;2010H1;21 let;191
Črnomelj;2010H1;22 let;185
Črnomelj;2010H1;23 let;205
Črnomelj;2010H1;24 let;209
Črnomelj;2010H1;25 let;199
Črnomelj;2010H1;26 let;237
Črnomelj;2010H1;27 let;243
Črnomelj;2010H1;28 let;219
Črnomelj;2010H1;29 let;231
Črnomelj;2010H1;30 let;217
Črnomelj;2010H1;31 let;258
Črnomelj;2010H1;32 let;207
Črnomelj;2010H1;33 let;230
Črnomelj;2010H1;34 let;222
Črnomelj;2010H1;35 let;209
Črnomelj;2010H1;36 let;188
Črnomelj;2010H1;37 let;185
Črnomelj;2010H1;38 let;178
Črnomelj;2010H1;39 let;176
Črnomelj;2010H1;40 let;193
Črnomelj;2010H1;41 let;208
Črnomelj;2010H1;42 let;208
Črnomelj;2010H1;43 let;201
Črnomelj;2010H1;44 let;204
Črnomelj;2010H1;45 let;206
Črnomelj;2010H1;46 let;245
Črnomelj;2010H1;47 let;222
Črnomelj;2010H1;48 let;239
Črnomelj;2010H1;49 let;239
Črnomelj;2010H1;50 let;233
Črnomelj;2010H1;51 let;241
Črnomelj;2010H1;52 let;270
Črnomelj;2010H1;53 let;257
Črnomelj;2010H1;54 let;260
Črnomelj;2010H1;55 let;226
Črnomelj;2010H1;56 let;229
Črnomelj;2010H1;57 let;203
Črnomelj;2010H1;58 let;219
Črnomelj;2010H1;59 let;209
Črnomelj;2010H1;60 let;206
Črnomelj;2010H1;61 let;173
Črnomelj;2010H1;62 let;168
Črnomelj;2010H1;63 let;152
Črnomelj;2010H1;64 let;87
Črnomelj;2010H1;65 let;121
Črnomelj;2010H1;66 let;116
Črnomelj;2010H1;67 let;129
Črnomelj;2010H1;68 let;116
Črnomelj;2010H1;69 let;123
Črnomelj;2010H1;70 let;121
Črnomelj;2010H1;71 let;112
Črnomelj;2010H1;72 let;110
Črnomelj;2010H1;73 let;129
Črnomelj;2010H1;74 let;123
Črnomelj;2010H1;75 let;142
Črnomelj;2010H1;76 let;124
Črnomelj;2010H1;77 let;124
Črnomelj;2010H1;78 let;105
Črnomelj;2010H1;79 let;86
Črnomelj;2010H1;80 let;95
Črnomelj;2010H1;81 let;90
Črnomelj;2010H1;82 let;83
Črnomelj;2010H1;83 let;67
Črnomelj;2010H1;84 let;61
Črnomelj;2010H1;85 + let;253
Črnomelj;2011H1;Starost - SKUPAJ;14717
Črnomelj;2011H1;0 let;151
Črnomelj;2011H1;1 leto;157
Črnomelj;2011H1;2 leti;153
Črnomelj;2011H1;3 leta;160
Črnomelj;2011H1;4 leta;122
Črnomelj;2011H1;5 let;151
Črnomelj;2011H1;6 let;124
Črnomelj;2011H1;7 let;104
Črnomelj;2011H1;8 let;113
Črnomelj;2011H1;9 let;152
Črnomelj;2011H1;10 let;118
Črnomelj;2011H1;11 let;125
Črnomelj;2011H1;12 let;121
Črnomelj;2011H1;13 let;142
Črnomelj;2011H1;14 let;138
Črnomelj;2011H1;15 let;157
Črnomelj;2011H1;16 let;161
Črnomelj;2011H1;17 let;153
Črnomelj;2011H1;18 let;153
Črnomelj;2011H1;19 let;143
Črnomelj;2011H1;20 let;128
Črnomelj;2011H1;21 let;170
Črnomelj;2011H1;22 let;196
Črnomelj;2011H1;23 let;191
Črnomelj;2011H1;24 let;213
Črnomelj;2011H1;25 let;206
Črnomelj;2011H1;26 let;205
Črnomelj;2011H1;27 let;234
Črnomelj;2011H1;28 let;239
Črnomelj;2011H1;29 let;214
Črnomelj;2011H1;30 let;217
Črnomelj;2011H1;31 let;223
Črnomelj;2011H1;32 let;255
Črnomelj;2011H1;33 let;198
Črnomelj;2011H1;34 let;227
Črnomelj;2011H1;35 let;217
Črnomelj;2011H1;36 let;216
Črnomelj;2011H1;37 let;187
Črnomelj;2011H1;38 let;188
Črnomelj;2011H1;39 let;176
Črnomelj;2011H1;40 let;182
Črnomelj;2011H1;41 let;187
Črnomelj;2011H1;42 let;212
Črnomelj;2011H1;43 let;211
Črnomelj;2011H1;44 let;202
Črnomelj;2011H1;45 let;206
Črnomelj;2011H1;46 let;212
Črnomelj;2011H1;47 let;243
Črnomelj;2011H1;48 let;222
Črnomelj;2011H1;49 let;240
Črnomelj;2011H1;50 let;238
Črnomelj;2011H1;51 let;232
Črnomelj;2011H1;52 let;240
Črnomelj;2011H1;53 let;267
Črnomelj;2011H1;54 let;255
Črnomelj;2011H1;55 let;262
Črnomelj;2011H1;56 let;227
Črnomelj;2011H1;57 let;229
Črnomelj;2011H1;58 let;201
Črnomelj;2011H1;59 let;223
Črnomelj;2011H1;60 let;210
Črnomelj;2011H1;61 let;210
Črnomelj;2011H1;62 let;173
Črnomelj;2011H1;63 let;166
Črnomelj;2011H1;64 let;149
Črnomelj;2011H1;65 let;84
Črnomelj;2011H1;66 let;121
Črnomelj;2011H1;67 let;116
Črnomelj;2011H1;68 let;130
Črnomelj;2011H1;69 let;113
Črnomelj;2011H1;70 let;123
Črnomelj;2011H1;71 let;118
Črnomelj;2011H1;72 let;109
Črnomelj;2011H1;73 let;111
Črnomelj;2011H1;74 let;125
Črnomelj;2011H1;75 let;123
Črnomelj;2011H1;76 let;134
Črnomelj;2011H1;77 let;117
Črnomelj;2011H1;78 let;122
Črnomelj;2011H1;79 let;98
Črnomelj;2011H1;80 let;77
Črnomelj;2011H1;81 let;90
Črnomelj;2011H1;82 let;86
Črnomelj;2011H1;83 let;77
Črnomelj;2011H1;84 let;61
Črnomelj;2011H1;85 + let;285
Črnomelj;2012H1;Starost - SKUPAJ;14714
Črnomelj;2012H1;0 let;153
Črnomelj;2012H1;1 leto;151
Črnomelj;2012H1;2 leti;160
Črnomelj;2012H1;3 leta;154
Črnomelj;2012H1;4 leta;160
Črnomelj;2012H1;5 let;125
Črnomelj;2012H1;6 let;148
Črnomelj;2012H1;7 let;126
Črnomelj;2012H1;8 let;104
Črnomelj;2012H1;9 let;112
Črnomelj;2012H1;10 let;151
Črnomelj;2012H1;11 let;116
Črnomelj;2012H1;12 let;122
Črnomelj;2012H1;13 let;120
Črnomelj;2012H1;14 let;140
Črnomelj;2012H1;15 let;137
Črnomelj;2012H1;16 let;154
Črnomelj;2012H1;17 let;163
Črnomelj;2012H1;18 let;154
Črnomelj;2012H1;19 let;127
Črnomelj;2012H1;20 let;129
Črnomelj;2012H1;21 let;127
Črnomelj;2012H1;22 let;170
Črnomelj;2012H1;23 let;200
Črnomelj;2012H1;24 let;201
Črnomelj;2012H1;25 let;219
Črnomelj;2012H1;26 let;212
Črnomelj;2012H1;27 let;209
Črnomelj;2012H1;28 let;233
Črnomelj;2012H1;29 let;239
Črnomelj;2012H1;30 let;217
Črnomelj;2012H1;31 let;222
Črnomelj;2012H1;32 let;225
Črnomelj;2012H1;33 let;261
Črnomelj;2012H1;34 let;195
Črnomelj;2012H1;35 let;230
Črnomelj;2012H1;36 let;222
Črnomelj;2012H1;37 let;210
Črnomelj;2012H1;38 let;186
Črnomelj;2012H1;39 let;186
Črnomelj;2012H1;40 let;176
Črnomelj;2012H1;41 let;178
Črnomelj;2012H1;42 let;186
Črnomelj;2012H1;43 let;207
Črnomelj;2012H1;44 let;213
Črnomelj;2012H1;45 let;197
Črnomelj;2012H1;46 let;202
Črnomelj;2012H1;47 let;214
Črnomelj;2012H1;48 let;246
Črnomelj;2012H1;49 let;219
Črnomelj;2012H1;50 let;241
Črnomelj;2012H1;51 let;234
Črnomelj;2012H1;52 let;233
Črnomelj;2012H1;53 let;238
Črnomelj;2012H1;54 let;263
Črnomelj;2012H1;55 let;252
Črnomelj;2012H1;56 let;260
Črnomelj;2012H1;57 let;223
Črnomelj;2012H1;58 let;229
Črnomelj;2012H1;59 let;202
Črnomelj;2012H1;60 let;220
Črnomelj;2012H1;61 let;208
Črnomelj;2012H1;62 let;207
Črnomelj;2012H1;63 let;173
Črnomelj;2012H1;64 let;164
Črnomelj;2012H1;65 let;151
Črnomelj;2012H1;66 let;85
Črnomelj;2012H1;67 let;116
Črnomelj;2012H1;68 let;114
Črnomelj;2012H1;69 let;127
Črnomelj;2012H1;70 let;109
Črnomelj;2012H1;71 let;123
Črnomelj;2012H1;72 let;116
Črnomelj;2012H1;73 let;107
Črnomelj;2012H1;74 let;111
Črnomelj;2012H1;75 let;125
Črnomelj;2012H1;76 let;117
Črnomelj;2012H1;77 let;127
Črnomelj;2012H1;78 let;116
Črnomelj;2012H1;79 let;116
Črnomelj;2012H1;80 let;93
Črnomelj;2012H1;81 let;71
Črnomelj;2012H1;82 let;85
Črnomelj;2012H1;83 let;78
Črnomelj;2012H1;84 let;71
Črnomelj;2012H1;85 + let;301
Črnomelj;2013H1;Starost - SKUPAJ;14629
Črnomelj;2013H1;0 let;147
Črnomelj;2013H1;1 leto;155
Črnomelj;2013H1;2 leti;148
Črnomelj;2013H1;3 leta;158
Črnomelj;2013H1;4 leta;151
Črnomelj;2013H1;5 let;162
Črnomelj;2013H1;6 let;124
Črnomelj;2013H1;7 let;150
Črnomelj;2013H1;8 let;128
Črnomelj;2013H1;9 let;107
Črnomelj;2013H1;10 let;112
Črnomelj;2013H1;11 let;155
Črnomelj;2013H1;12 let;119
Črnomelj;2013H1;13 let;122
Črnomelj;2013H1;14 let;120
Črnomelj;2013H1;15 let;144
Črnomelj;2013H1;16 let;139
Črnomelj;2013H1;17 let;151
Črnomelj;2013H1;18 let;156
Črnomelj;2013H1;19 let;116
Črnomelj;2013H1;20 let;117
Črnomelj;2013H1;21 let;123
Črnomelj;2013H1;22 let;132
Črnomelj;2013H1;23 let;173
Črnomelj;2013H1;24 let;205
Črnomelj;2013H1;25 let;206
Črnomelj;2013H1;26 let;216
Črnomelj;2013H1;27 let;200
Črnomelj;2013H1;28 let;201
Črnomelj;2013H1;29 let;221
Črnomelj;2013H1;30 let;226
Črnomelj;2013H1;31 let;211
Črnomelj;2013H1;32 let;227
Črnomelj;2013H1;33 let;207
Črnomelj;2013H1;34 let;262
Črnomelj;2013H1;35 let;192
Črnomelj;2013H1;36 let;229
Črnomelj;2013H1;37 let;224
Črnomelj;2013H1;38 let;208
Črnomelj;2013H1;39 let;186
Črnomelj;2013H1;40 let;184
Črnomelj;2013H1;41 let;176
Črnomelj;2013H1;42 let;178
Črnomelj;2013H1;43 let;183
Črnomelj;2013H1;44 let;207
Črnomelj;2013H1;45 let;213
Črnomelj;2013H1;46 let;193
Črnomelj;2013H1;47 let;206
Črnomelj;2013H1;48 let;211
Črnomelj;2013H1;49 let;240
Črnomelj;2013H1;50 let;218
Črnomelj;2013H1;51 let;239
Črnomelj;2013H1;52 let;236
Črnomelj;2013H1;53 let;231
Črnomelj;2013H1;54 let;231
Črnomelj;2013H1;55 let;260
Črnomelj;2013H1;56 let;255
Črnomelj;2013H1;57 let;264
Črnomelj;2013H1;58 let;229
Črnomelj;2013H1;59 let;230
Črnomelj;2013H1;60 let;204
Črnomelj;2013H1;61 let;214
Črnomelj;2013H1;62 let;207
Črnomelj;2013H1;63 let;202
Črnomelj;2013H1;64 let;171
Črnomelj;2013H1;65 let;165
Črnomelj;2013H1;66 let;148
Črnomelj;2013H1;67 let;88
Črnomelj;2013H1;68 let;117
Črnomelj;2013H1;69 let;111
Črnomelj;2013H1;70 let;124
Črnomelj;2013H1;71 let;108
Črnomelj;2013H1;72 let;117
Črnomelj;2013H1;73 let;115
Črnomelj;2013H1;74 let;103
Črnomelj;2013H1;75 let;108
Črnomelj;2013H1;76 let;122
Črnomelj;2013H1;77 let;114
Črnomelj;2013H1;78 let;121
Črnomelj;2013H1;79 let;109
Črnomelj;2013H1;80 let;110
Črnomelj;2013H1;81 let;90
Črnomelj;2013H1;82 let;71
Črnomelj;2013H1;83 let;79
Črnomelj;2013H1;84 let;72
Črnomelj;2013H1;85 + let;325
Črnomelj;2014H1;Starost - SKUPAJ;14586
Črnomelj;2014H1;0 let;143
Črnomelj;2014H1;1 leto;148
Črnomelj;2014H1;2 leti;153
Črnomelj;2014H1;3 leta;151
Črnomelj;2014H1;4 leta;159
Črnomelj;2014H1;5 let;153
Črnomelj;2014H1;6 let;167
Črnomelj;2014H1;7 let;127
Črnomelj;2014H1;8 let;152
Črnomelj;2014H1;9 let;127
Črnomelj;2014H1;10 let;109
Črnomelj;2014H1;11 let;114
Črnomelj;2014H1;12 let;156
Črnomelj;2014H1;13 let;121
Črnomelj;2014H1;14 let;123
Črnomelj;2014H1;15 let;116
Črnomelj;2014H1;16 let;141
Črnomelj;2014H1;17 let;137
Črnomelj;2014H1;18 let;150
Črnomelj;2014H1;19 let;102
Črnomelj;2014H1;20 let;95
Črnomelj;2014H1;21 let;113
Črnomelj;2014H1;22 let;112
Črnomelj;2014H1;23 let;129
Črnomelj;2014H1;24 let;176
Črnomelj;2014H1;25 let;205
Črnomelj;2014H1;26 let;211
Črnomelj;2014H1;27 let;215
Črnomelj;2014H1;28 let;194
Črnomelj;2014H1;29 let;209
Črnomelj;2014H1;30 let;228
Črnomelj;2014H1;31 let;223
Črnomelj;2014H1;32 let;211
Črnomelj;2014H1;33 let;235
Črnomelj;2014H1;34 let;207
Črnomelj;2014H1;35 let;266
Črnomelj;2014H1;36 let;195
Črnomelj;2014H1;37 let;230
Črnomelj;2014H1;38 let;230
Črnomelj;2014H1;39 let;207
Črnomelj;2014H1;40 let;190
Črnomelj;2014H1;41 let;181
Črnomelj;2014H1;42 let;176
Črnomelj;2014H1;43 let;172
Črnomelj;2014H1;44 let;186
Črnomelj;2014H1;45 let;202
Črnomelj;2014H1;46 let;212
Črnomelj;2014H1;47 let;193
Črnomelj;2014H1;48 let;208
Črnomelj;2014H1;49 let;214
Črnomelj;2014H1;50 let;241
Črnomelj;2014H1;51 let;223
Črnomelj;2014H1;52 let;237
Črnomelj;2014H1;53 let;238
Črnomelj;2014H1;54 let;233
Črnomelj;2014H1;55 let;233
Črnomelj;2014H1;56 let;259
Črnomelj;2014H1;57 let;253
Črnomelj;2014H1;58 let;259
Črnomelj;2014H1;59 let;224
Črnomelj;2014H1;60 let;234
Črnomelj;2014H1;61 let;207
Črnomelj;2014H1;62 let;212
Črnomelj;2014H1;63 let;203
Črnomelj;2014H1;64 let;202
Črnomelj;2014H1;65 let;165
Črnomelj;2014H1;66 let;161
Črnomelj;2014H1;67 let;147
Črnomelj;2014H1;68 let;85
Črnomelj;2014H1;69 let;115
Črnomelj;2014H1;70 let;107
Črnomelj;2014H1;71 let;121
Črnomelj;2014H1;72 let;108
Črnomelj;2014H1;73 let;112
Črnomelj;2014H1;74 let;113
Črnomelj;2014H1;75 let;102
Črnomelj;2014H1;76 let;104
Črnomelj;2014H1;77 let;117
Črnomelj;2014H1;78 let;111
Črnomelj;2014H1;79 let;110
Črnomelj;2014H1;80 let;105
Črnomelj;2014H1;81 let;107
Črnomelj;2014H1;82 let;89
Črnomelj;2014H1;83 let;63
Črnomelj;2014H1;84 let;72
Črnomelj;2014H1;85 + let;340
Črnomelj;2015H1;Starost - SKUPAJ;14591
Črnomelj;2015H1;0 let;132
Črnomelj;2015H1;1 leto;143
Črnomelj;2015H1;2 leti;149
Črnomelj;2015H1;3 leta;156
Črnomelj;2015H1;4 leta;150
Črnomelj;2015H1;5 let;153
Črnomelj;2015H1;6 let;150
Črnomelj;2015H1;7 let;167
Črnomelj;2015H1;8 let;127
Črnomelj;2015H1;9 let;151
Črnomelj;2015H1;10 let;125
Črnomelj;2015H1;11 let;109
Črnomelj;2015H1;12 let;114
Črnomelj;2015H1;13 let;158
Črnomelj;2015H1;14 let;120
Črnomelj;2015H1;15 let;123
Črnomelj;2015H1;16 let;115
Črnomelj;2015H1;17 let;138
Črnomelj;2015H1;18 let;134
Črnomelj;2015H1;19 let;120
Črnomelj;2015H1;20 let;117
Črnomelj;2015H1;21 let;110
Črnomelj;2015H1;22 let;120
Črnomelj;2015H1;23 let;130
Črnomelj;2015H1;24 let;137
Črnomelj;2015H1;25 let;183
Črnomelj;2015H1;26 let;210
Črnomelj;2015H1;27 let;210
Črnomelj;2015H1;28 let;206
Črnomelj;2015H1;29 let;188
Črnomelj;2015H1;30 let;207
Črnomelj;2015H1;31 let;221
Črnomelj;2015H1;32 let;221
Črnomelj;2015H1;33 let;210
Črnomelj;2015H1;34 let;238
Črnomelj;2015H1;35 let;207
Črnomelj;2015H1;36 let;257
Črnomelj;2015H1;37 let;192
Črnomelj;2015H1;38 let;230
Črnomelj;2015H1;39 let;225
Črnomelj;2015H1;40 let;205
Črnomelj;2015H1;41 let;191
Črnomelj;2015H1;42 let;182
Črnomelj;2015H1;43 let;179
Črnomelj;2015H1;44 let;170
Črnomelj;2015H1;45 let;181
Črnomelj;2015H1;46 let;204
Črnomelj;2015H1;47 let;210
Črnomelj;2015H1;48 let;194
Črnomelj;2015H1;49 let;212
Črnomelj;2015H1;50 let;212
Črnomelj;2015H1;51 let;241
Črnomelj;2015H1;52 let;222
Črnomelj;2015H1;53 let;235
Črnomelj;2015H1;54 let;238
Črnomelj;2015H1;55 let;232
Črnomelj;2015H1;56 let;231
Črnomelj;2015H1;57 let;255
Črnomelj;2015H1;58 let;251
Črnomelj;2015H1;59 let;257
Črnomelj;2015H1;60 let;217
Črnomelj;2015H1;61 let;235
Črnomelj;2015H1;62 let;207
Črnomelj;2015H1;63 let;220
Črnomelj;2015H1;64 let;207
Črnomelj;2015H1;65 let;194
Črnomelj;2015H1;66 let;167
Črnomelj;2015H1;67 let;157
Črnomelj;2015H1;68 let;145
Črnomelj;2015H1;69 let;85
Črnomelj;2015H1;70 let;112
Črnomelj;2015H1;71 let;105
Črnomelj;2015H1;72 let;118
Črnomelj;2015H1;73 let;107
Črnomelj;2015H1;74 let;112
Črnomelj;2015H1;75 let;112
Črnomelj;2015H1;76 let;102
Črnomelj;2015H1;77 let;98
Črnomelj;2015H1;78 let;117
Črnomelj;2015H1;79 let;108
Črnomelj;2015H1;80 let;103
Črnomelj;2015H1;81 let;100
Črnomelj;2015H1;82 let;101
Črnomelj;2015H1;83 let;87
Črnomelj;2015H1;84 let;58
Črnomelj;2015H1;85 + let;362
Črnomelj;2016H1;Starost - SKUPAJ;14407
Črnomelj;2016H1;0 let;126
Črnomelj;2016H1;1 leto;127
Črnomelj;2016H1;2 leti;142
Črnomelj;2016H1;3 leta;146
Črnomelj;2016H1;4 leta;155
Črnomelj;2016H1;5 let;151
Črnomelj;2016H1;6 let;154
Črnomelj;2016H1;7 let;150
Črnomelj;2016H1;8 let;165
Črnomelj;2016H1;9 let;126
Črnomelj;2016H1;10 let;148
Črnomelj;2016H1;11 let;128
Črnomelj;2016H1;12 let;110
Črnomelj;2016H1;13 let;115
Črnomelj;2016H1;14 let;158
Črnomelj;2016H1;15 let;120
Črnomelj;2016H1;16 let;120
Črnomelj;2016H1;17 let;115
Črnomelj;2016H1;18 let;138
Črnomelj;2016H1;19 let;102
Črnomelj;2016H1;20 let;109
Črnomelj;2016H1;21 let;118
Črnomelj;2016H1;22 let;107
Črnomelj;2016H1;23 let;127
Črnomelj;2016H1;24 let;130
Črnomelj;2016H1;25 let;142
Črnomelj;2016H1;26 let;191
Črnomelj;2016H1;27 let;205
Črnomelj;2016H1;28 let;197
Črnomelj;2016H1;29 let;201
Črnomelj;2016H1;30 let;182
Črnomelj;2016H1;31 let;194
Črnomelj;2016H1;32 let;216
Črnomelj;2016H1;33 let;221
Črnomelj;2016H1;34 let;203
Črnomelj;2016H1;35 let;228
Črnomelj;2016H1;36 let;208
Črnomelj;2016H1;37 let;247
Črnomelj;2016H1;38 let;181
Črnomelj;2016H1;39 let;229
Črnomelj;2016H1;40 let;221
Črnomelj;2016H1;41 let;198
Črnomelj;2016H1;42 let;188
Črnomelj;2016H1;43 let;184
Črnomelj;2016H1;44 let;181
Črnomelj;2016H1;45 let;166
Črnomelj;2016H1;46 let;183
Črnomelj;2016H1;47 let;198
Črnomelj;2016H1;48 let;206
Črnomelj;2016H1;49 let;188
Črnomelj;2016H1;50 let;212
Črnomelj;2016H1;51 let;210
Črnomelj;2016H1;52 let;241
Črnomelj;2016H1;53 let;221
Črnomelj;2016H1;54 let;231
Črnomelj;2016H1;55 let;236
Črnomelj;2016H1;56 let;225
Črnomelj;2016H1;57 let;228
Črnomelj;2016H1;58 let;255
Črnomelj;2016H1;59 let;250
Črnomelj;2016H1;60 let;257
Črnomelj;2016H1;61 let;217
Črnomelj;2016H1;62 let;234
Črnomelj;2016H1;63 let;200
Črnomelj;2016H1;64 let;214
Črnomelj;2016H1;65 let;203
Črnomelj;2016H1;66 let;198
Črnomelj;2016H1;67 let;164
Črnomelj;2016H1;68 let;154
Črnomelj;2016H1;69 let;146
Črnomelj;2016H1;70 let;83
Črnomelj;2016H1;71 let;110
Črnomelj;2016H1;72 let;102
Črnomelj;2016H1;73 let;113
Črnomelj;2016H1;74 let;101
Črnomelj;2016H1;75 let;111
Črnomelj;2016H1;76 let;108
Črnomelj;2016H1;77 let;99
Črnomelj;2016H1;78 let;92
Črnomelj;2016H1;79 let;111
Črnomelj;2016H1;80 let;109
Črnomelj;2016H1;81 let;98
Črnomelj;2016H1;82 let;93
Črnomelj;2016H1;83 let;90
Črnomelj;2016H1;84 let;82
Črnomelj;2016H1;85 + let;364
Črnomelj;2017H1;Starost - SKUPAJ;14365
Črnomelj;2017H1;0 let;146
Črnomelj;2017H1;1 leto;122
Črnomelj;2017H1;2 leti;127
Črnomelj;2017H1;3 leta;140
Črnomelj;2017H1;4 leta;145
Črnomelj;2017H1;5 let;150
Črnomelj;2017H1;6 let;149
Črnomelj;2017H1;7 let;153
Črnomelj;2017H1;8 let;150
Črnomelj;2017H1;9 let;163
Črnomelj;2017H1;10 let;128
Črnomelj;2017H1;11 let;146
Črnomelj;2017H1;12 let;126
Črnomelj;2017H1;13 let;111
Črnomelj;2017H1;14 let;115
Črnomelj;2017H1;15 let;158
Črnomelj;2017H1;16 let;124
Črnomelj;2017H1;17 let;122
Črnomelj;2017H1;18 let;116
Črnomelj;2017H1;19 let;104
Črnomelj;2017H1;20 let;101
Črnomelj;2017H1;21 let;115
Črnomelj;2017H1;22 let;121
Črnomelj;2017H1;23 let;132
Črnomelj;2017H1;24 let;132
Črnomelj;2017H1;25 let;136
Črnomelj;2017H1;26 let;148
Črnomelj;2017H1;27 let;187
Črnomelj;2017H1;28 let;193
Črnomelj;2017H1;29 let;196
Črnomelj;2017H1;30 let;198
Črnomelj;2017H1;31 let;180
Črnomelj;2017H1;32 let;190
Črnomelj;2017H1;33 let;207
Črnomelj;2017H1;34 let;214
Črnomelj;2017H1;35 let;196
Črnomelj;2017H1;36 let;236
Črnomelj;2017H1;37 let;204
Črnomelj;2017H1;38 let;250
Črnomelj;2017H1;39 let;182
Črnomelj;2017H1;40 let;225
Črnomelj;2017H1;41 let;220
Črnomelj;2017H1;42 let;198
Črnomelj;2017H1;43 let;191
Črnomelj;2017H1;44 let;183
Črnomelj;2017H1;45 let;186
Črnomelj;2017H1;46 let;161
Črnomelj;2017H1;47 let;181
Črnomelj;2017H1;48 let;195
Črnomelj;2017H1;49 let;207
Črnomelj;2017H1;50 let;189
Črnomelj;2017H1;51 let;211
Črnomelj;2017H1;52 let;208
Črnomelj;2017H1;53 let;239
Črnomelj;2017H1;54 let;225
Črnomelj;2017H1;55 let;228
Črnomelj;2017H1;56 let;237
Črnomelj;2017H1;57 let;225
Črnomelj;2017H1;58 let;226
Črnomelj;2017H1;59 let;249
Črnomelj;2017H1;60 let;248
Črnomelj;2017H1;61 let;250
Črnomelj;2017H1;62 let;217
Črnomelj;2017H1;63 let;233
Črnomelj;2017H1;64 let;199
Črnomelj;2017H1;65 let;212
Črnomelj;2017H1;66 let;199
Črnomelj;2017H1;67 let;195
Črnomelj;2017H1;68 let;163
Črnomelj;2017H1;69 let;153
Črnomelj;2017H1;70 let;144
Črnomelj;2017H1;71 let;83
Črnomelj;2017H1;72 let;107
Črnomelj;2017H1;73 let;100
Črnomelj;2017H1;74 let;108
Črnomelj;2017H1;75 let;96
Črnomelj;2017H1;76 let;106
Črnomelj;2017H1;77 let;105
Črnomelj;2017H1;78 let;93
Črnomelj;2017H1;79 let;90
Črnomelj;2017H1;80 let;103
Črnomelj;2017H1;81 let;105
Črnomelj;2017H1;82 let;94
Črnomelj;2017H1;83 let;92
Črnomelj;2017H1;84 let;85
Črnomelj;2017H1;85 + let;388
Črnomelj;2018H1;Starost - SKUPAJ;14313
Črnomelj;2018H1;0 let;129
Črnomelj;2018H1;1 leto;149
Črnomelj;2018H1;2 leti;119
Črnomelj;2018H1;3 leta;129
Črnomelj;2018H1;4 leta;140
Črnomelj;2018H1;5 let;149
Črnomelj;2018H1;6 let;150
Črnomelj;2018H1;7 let;145
Črnomelj;2018H1;8 let;152
Črnomelj;2018H1;9 let;148
Črnomelj;2018H1;10 let;160
Črnomelj;2018H1;11 let;121
Črnomelj;2018H1;12 let;146
Črnomelj;2018H1;13 let;127
Črnomelj;2018H1;14 let;112
Črnomelj;2018H1;15 let;114
Črnomelj;2018H1;16 let;155
Črnomelj;2018H1;17 let;123
Črnomelj;2018H1;18 let;124
Črnomelj;2018H1;19 let;84
Črnomelj;2018H1;20 let;101
Črnomelj;2018H1;21 let;104
Črnomelj;2018H1;22 let;124
Črnomelj;2018H1;23 let;125
Črnomelj;2018H1;24 let;134
Črnomelj;2018H1;25 let;129
Črnomelj;2018H1;26 let;145
Črnomelj;2018H1;27 let;153
Črnomelj;2018H1;28 let;187
Črnomelj;2018H1;29 let;195
Črnomelj;2018H1;30 let;192
Črnomelj;2018H1;31 let;197
Črnomelj;2018H1;32 let;173
Črnomelj;2018H1;33 let;193
Črnomelj;2018H1;34 let;197
Črnomelj;2018H1;35 let;221
Črnomelj;2018H1;36 let;200
Črnomelj;2018H1;37 let;231
Črnomelj;2018H1;38 let;206
Črnomelj;2018H1;39 let;252
Črnomelj;2018H1;40 let;181
Črnomelj;2018H1;41 let;227
Črnomelj;2018H1;42 let;222
Črnomelj;2018H1;43 let;196
Črnomelj;2018H1;44 let;189
Črnomelj;2018H1;45 let;186
Črnomelj;2018H1;46 let;181
Črnomelj;2018H1;47 let;161
Črnomelj;2018H1;48 let;186
Črnomelj;2018H1;49 let;197
Črnomelj;2018H1;50 let;207
Črnomelj;2018H1;51 let;190
Črnomelj;2018H1;52 let;213
Črnomelj;2018H1;53 let;210
Črnomelj;2018H1;54 let;237
Črnomelj;2018H1;55 let;219
Črnomelj;2018H1;56 let;228
Črnomelj;2018H1;57 let;234
Črnomelj;2018H1;58 let;219
Črnomelj;2018H1;59 let;225
Črnomelj;2018H1;60 let;250
Črnomelj;2018H1;61 let;243
Črnomelj;2018H1;62 let;251
Črnomelj;2018H1;63 let;213
Črnomelj;2018H1;64 let;230
Črnomelj;2018H1;65 let;197
Črnomelj;2018H1;66 let;210
Črnomelj;2018H1;67 let;199
Črnomelj;2018H1;68 let;188
Črnomelj;2018H1;69 let;157
Črnomelj;2018H1;70 let;150
Črnomelj;2018H1;71 let;142
Črnomelj;2018H1;72 let;82
Črnomelj;2018H1;73 let;99
Črnomelj;2018H1;74 let;97
Črnomelj;2018H1;75 let;105
Črnomelj;2018H1;76 let;94
Črnomelj;2018H1;77 let;99
Črnomelj;2018H1;78 let;105
Črnomelj;2018H1;79 let;91
Črnomelj;2018H1;80 let;91
Črnomelj;2018H1;81 let;99
Črnomelj;2018H1;82 let;101
Črnomelj;2018H1;83 let;89
Črnomelj;2018H1;84 let;84
Črnomelj;2018H1;85 + let;404
Črnomelj;2019H1;Starost - SKUPAJ;14299
Črnomelj;2019H1;0 let;135
Črnomelj;2019H1;1 leto;129
Črnomelj;2019H1;2 leti;144
Črnomelj;2019H1;3 leta;119
Črnomelj;2019H1;4 leta;129
Črnomelj;2019H1;5 let;139
Črnomelj;2019H1;6 let;149
Črnomelj;2019H1;7 let;147
Črnomelj;2019H1;8 let;145
Črnomelj;2019H1;9 let;153
Črnomelj;2019H1;10 let;147
Črnomelj;2019H1;11 let;157
Črnomelj;2019H1;12 let;118
Črnomelj;2019H1;13 let;143
Črnomelj;2019H1;14 let;124
Črnomelj;2019H1;15 let;114
Črnomelj;2019H1;16 let;109
Črnomelj;2019H1;17 let;154
Črnomelj;2019H1;18 let;126
Črnomelj;2019H1;19 let;91
Črnomelj;2019H1;20 let;91
Črnomelj;2019H1;21 let;105
Črnomelj;2019H1;22 let;121
Črnomelj;2019H1;23 let;134
Črnomelj;2019H1;24 let;134
Črnomelj;2019H1;25 let;148
Črnomelj;2019H1;26 let;138
Črnomelj;2019H1;27 let;133
Črnomelj;2019H1;28 let;158
Črnomelj;2019H1;29 let;187
Črnomelj;2019H1;30 let;195
Črnomelj;2019H1;31 let;187
Črnomelj;2019H1;32 let;195
Črnomelj;2019H1;33 let;175
Črnomelj;2019H1;34 let;196
Črnomelj;2019H1;35 let;200
Črnomelj;2019H1;36 let;218
Črnomelj;2019H1;37 let;195
Črnomelj;2019H1;38 let;233
Črnomelj;2019H1;39 let;210
Črnomelj;2019H1;40 let;252
Črnomelj;2019H1;41 let;181
Črnomelj;2019H1;42 let;219
Črnomelj;2019H1;43 let;228
Črnomelj;2019H1;44 let;193
Črnomelj;2019H1;45 let;191
Črnomelj;2019H1;46 let;179
Črnomelj;2019H1;47 let;184
Črnomelj;2019H1;48 let;165
Črnomelj;2019H1;49 let;192
Črnomelj;2019H1;50 let;197
Črnomelj;2019H1;51 let;209
Črnomelj;2019H1;52 let;186
Črnomelj;2019H1;53 let;214
Črnomelj;2019H1;54 let;209
Črnomelj;2019H1;55 let;234
Črnomelj;2019H1;56 let;220
Črnomelj;2019H1;57 let;231
Črnomelj;2019H1;58 let;233
Črnomelj;2019H1;59 let;224
Črnomelj;2019H1;60 let;223
Črnomelj;2019H1;61 let;241
Črnomelj;2019H1;62 let;242
Črnomelj;2019H1;63 let;248
Črnomelj;2019H1;64 let;212
Črnomelj;2019H1;65 let;230
Črnomelj;2019H1;66 let;192
Črnomelj;2019H1;67 let;205
Črnomelj;2019H1;68 let;197
Črnomelj;2019H1;69 let;182
Črnomelj;2019H1;70 let;152
Črnomelj;2019H1;71 let;148
Črnomelj;2019H1;72 let;140
Črnomelj;2019H1;73 let;80
Črnomelj;2019H1;74 let;98
Črnomelj;2019H1;75 let;94
Črnomelj;2019H1;76 let;103
Črnomelj;2019H1;77 let;90
Črnomelj;2019H1;78 let;98
Črnomelj;2019H1;79 let;99
Črnomelj;2019H1;80 let;84
Črnomelj;2019H1;81 let;85
Črnomelj;2019H1;82 let;96
Črnomelj;2019H1;83 let;96
Črnomelj;2019H1;84 let;85
Črnomelj;2019H1;85 + let;413
Črnomelj;2020H1;Starost - SKUPAJ;14241
Črnomelj;2020H1;0 let;135
Črnomelj;2020H1;1 leto;130
Črnomelj;2020H1;2 leti;131
Črnomelj;2020H1;3 leta;150
Črnomelj;2020H1;4 leta;119
Črnomelj;2020H1;5 let;135
Črnomelj;2020H1;6 let;145
Črnomelj;2020H1;7 let;146
Črnomelj;2020H1;8 let;151
Črnomelj;2020H1;9 let;149
Črnomelj;2020H1;10 let;153
Črnomelj;2020H1;11 let;146
Črnomelj;2020H1;12 let;156
Črnomelj;2020H1;13 let;117
Črnomelj;2020H1;14 let;141
Črnomelj;2020H1;15 let;122
Črnomelj;2020H1;16 let;111
Črnomelj;2020H1;17 let;111
Črnomelj;2020H1;18 let;154
Črnomelj;2020H1;19 let;98
Črnomelj;2020H1;20 let;89
Črnomelj;2020H1;21 let;86
Črnomelj;2020H1;22 let;108
Črnomelj;2020H1;23 let;122
Črnomelj;2020H1;24 let;138
Črnomelj;2020H1;25 let;141
Črnomelj;2020H1;26 let;151
Črnomelj;2020H1;27 let;141
Črnomelj;2020H1;28 let;145
Črnomelj;2020H1;29 let;160
Črnomelj;2020H1;30 let;176
Črnomelj;2020H1;31 let;186
Črnomelj;2020H1;32 let;188
Črnomelj;2020H1;33 let;200
Črnomelj;2020H1;34 let;170
Črnomelj;2020H1;35 let;195
Črnomelj;2020H1;36 let;205
Črnomelj;2020H1;37 let;212
Črnomelj;2020H1;38 let;191
Črnomelj;2020H1;39 let;228
Črnomelj;2020H1;40 let;206
Črnomelj;2020H1;41 let;245
Črnomelj;2020H1;42 let;186
Črnomelj;2020H1;43 let;223
Črnomelj;2020H1;44 let;221
Črnomelj;2020H1;45 let;189
Črnomelj;2020H1;46 let;191
Črnomelj;2020H1;47 let;181
Črnomelj;2020H1;48 let;179
Črnomelj;2020H1;49 let;160
Črnomelj;2020H1;50 let;191
Črnomelj;2020H1;51 let;194
Črnomelj;2020H1;52 let;212
Črnomelj;2020H1;53 let;186
Črnomelj;2020H1;54 let;211
Črnomelj;2020H1;55 let;211
Črnomelj;2020H1;56 let;236
Črnomelj;2020H1;57 let;220
Črnomelj;2020H1;58 let;227
Črnomelj;2020H1;59 let;230
Črnomelj;2020H1;60 let;222
Črnomelj;2020H1;61 let;217
Črnomelj;2020H1;62 let;240
Črnomelj;2020H1;63 let;240
Črnomelj;2020H1;64 let;244
Črnomelj;2020H1;65 let;211
Črnomelj;2020H1;66 let;229
Črnomelj;2020H1;67 let;192
Črnomelj;2020H1;68 let;202
Črnomelj;2020H1;69 let;191
Črnomelj;2020H1;70 let;178
Črnomelj;2020H1;71 let;151
Črnomelj;2020H1;72 let;147
Črnomelj;2020H1;73 let;136
Črnomelj;2020H1;74 let;80
Črnomelj;2020H1;75 let;95
Črnomelj;2020H1;76 let;92
Črnomelj;2020H1;77 let;98
Črnomelj;2020H1;78 let;86
Črnomelj;2020H1;79 let;92
Črnomelj;2020H1;80 let;94
Črnomelj;2020H1;81 let;81
Črnomelj;2020H1;82 let;79
Črnomelj;2020H1;83 let;91
Črnomelj;2020H1;84 let;91
Črnomelj;2020H1;85 + let;431
Črnomelj;2021H1;Starost - SKUPAJ;14308
Črnomelj;2021H1;0 let;136
Črnomelj;2021H1;1 leto;135
Črnomelj;2021H1;2 leti;132
Črnomelj;2021H1;3 leta;136
Črnomelj;2021H1;4 leta;154
Črnomelj;2021H1;5 let;123
Črnomelj;2021H1;6 let;135
Črnomelj;2021H1;7 let;155
Črnomelj;2021H1;8 let;149
Črnomelj;2021H1;9 let;156
Črnomelj;2021H1;10 let;156
Črnomelj;2021H1;11 let;159
Črnomelj;2021H1;12 let;152
Črnomelj;2021H1;13 let;161
Črnomelj;2021H1;14 let;120
Črnomelj;2021H1;15 let;143
Črnomelj;2021H1;16 let;122
Črnomelj;2021H1;17 let;113
Črnomelj;2021H1;18 let;110
Črnomelj;2021H1;19 let;139
Črnomelj;2021H1;20 let;93
Črnomelj;2021H1;21 let;86
Črnomelj;2021H1;22 let;93
Črnomelj;2021H1;23 let;114
Črnomelj;2021H1;24 let;125
Črnomelj;2021H1;25 let;134
Črnomelj;2021H1;26 let;139
Črnomelj;2021H1;27 let;149
Črnomelj;2021H1;28 let;138
Črnomelj;2021H1;29 let;145
Črnomelj;2021H1;30 let;161
Črnomelj;2021H1;31 let;175
Črnomelj;2021H1;32 let;187
Črnomelj;2021H1;33 let;187
Črnomelj;2021H1;34 let;197
Črnomelj;2021H1;35 let;166
Črnomelj;2021H1;36 let;197
Črnomelj;2021H1;37 let;198
Črnomelj;2021H1;38 let;212
Črnomelj;2021H1;39 let;199
Črnomelj;2021H1;40 let;223
Črnomelj;2021H1;41 let;206
Črnomelj;2021H1;42 let;248
Črnomelj;2021H1;43 let;188
Črnomelj;2021H1;44 let;231
Črnomelj;2021H1;45 let;223
Črnomelj;2021H1;46 let;190
Črnomelj;2021H1;47 let;191
Črnomelj;2021H1;48 let;185
Črnomelj;2021H1;49 let;179
Črnomelj;2021H1;50 let;164
Črnomelj;2021H1;51 let;185
Črnomelj;2021H1;52 let;195
Črnomelj;2021H1;53 let;213
Črnomelj;2021H1;54 let;185
Črnomelj;2021H1;55 let;209
Črnomelj;2021H1;56 let;209
Črnomelj;2021H1;57 let;238
Črnomelj;2021H1;58 let;221
Črnomelj;2021H1;59 let;224
Črnomelj;2021H1;60 let;235
Črnomelj;2021H1;61 let;224
Črnomelj;2021H1;62 let;220
Črnomelj;2021H1;63 let;243
Črnomelj;2021H1;64 let;244
Črnomelj;2021H1;65 let;246
Črnomelj;2021H1;66 let;210
Črnomelj;2021H1;67 let;233
Črnomelj;2021H1;68 let;187
Črnomelj;2021H1;69 let;201
Črnomelj;2021H1;70 let;196
Črnomelj;2021H1;71 let;181
Črnomelj;2021H1;72 let;153
Črnomelj;2021H1;73 let;147
Črnomelj;2021H1;74 let;133
Črnomelj;2021H1;75 let;79
Črnomelj;2021H1;76 let;93
Črnomelj;2021H1;77 let;90
Črnomelj;2021H1;78 let;93
Črnomelj;2021H1;79 let;84
Črnomelj;2021H1;80 let;89
Črnomelj;2021H1;81 let;90
Črnomelj;2021H1;82 let;75
Črnomelj;2021H1;83 let;75
Črnomelj;2021H1;84 let;73
Črnomelj;2021H1;85 + let;426
Črnomelj;2022H1;Starost - SKUPAJ;14279
Črnomelj;2022H1;0 let;138
Črnomelj;2022H1;1 leto;137
Črnomelj;2022H1;2 leti;134
Črnomelj;2022H1;3 leta;140
Črnomelj;2022H1;4 leta;137
Črnomelj;2022H1;5 let;152
Črnomelj;2022H1;6 let;123
Črnomelj;2022H1;7 let;135
Črnomelj;2022H1;8 let;154
Črnomelj;2022H1;9 let;149
Črnomelj;2022H1;10 let;154
Črnomelj;2022H1;11 let;154
Črnomelj;2022H1;12 let;154
Črnomelj;2022H1;13 let;147
Črnomelj;2022H1;14 let;160
Črnomelj;2022H1;15 let;122
Črnomelj;2022H1;16 let;141
Črnomelj;2022H1;17 let;123
Črnomelj;2022H1;18 let;114
Črnomelj;2022H1;19 let;91
Črnomelj;2022H1;20 let;121
Črnomelj;2022H1;21 let;97
Črnomelj;2022H1;22 let;86
Črnomelj;2022H1;23 let;94
Črnomelj;2022H1;24 let;128
Črnomelj;2022H1;25 let;131
Črnomelj;2022H1;26 let;144
Črnomelj;2022H1;27 let;143
Črnomelj;2022H1;28 let;148
Črnomelj;2022H1;29 let;140
Črnomelj;2022H1;30 let;138
Črnomelj;2022H1;31 let;161
Črnomelj;2022H1;32 let;173
Črnomelj;2022H1;33 let;198
Črnomelj;2022H1;34 let;188
Črnomelj;2022H1;35 let;193
Črnomelj;2022H1;36 let;167
Črnomelj;2022H1;37 let;190
Črnomelj;2022H1;38 let;201
Črnomelj;2022H1;39 let;215
Črnomelj;2022H1;40 let;196
Črnomelj;2022H1;41 let;220
Črnomelj;2022H1;42 let;201
Črnomelj;2022H1;43 let;243
Črnomelj;2022H1;44 let;185
Črnomelj;2022H1;45 let;233
Črnomelj;2022H1;46 let;217
Črnomelj;2022H1;47 let;186
Črnomelj;2022H1;48 let;198
Črnomelj;2022H1;49 let;180
Črnomelj;2022H1;50 let;176
Črnomelj;2022H1;51 let;161
Črnomelj;2022H1;52 let;189
Črnomelj;2022H1;53 let;194
Črnomelj;2022H1;54 let;216
Črnomelj;2022H1;55 let;182
Črnomelj;2022H1;56 let;213
Črnomelj;2022H1;57 let;209
Črnomelj;2022H1;58 let;240
Črnomelj;2022H1;59 let;216
Črnomelj;2022H1;60 let;223
Črnomelj;2022H1;61 let;234
Črnomelj;2022H1;62 let;222
Črnomelj;2022H1;63 let;220
Črnomelj;2022H1;64 let;239
Črnomelj;2022H1;65 let;238
Črnomelj;2022H1;66 let;248
Črnomelj;2022H1;67 let;203
Črnomelj;2022H1;68 let;227
Črnomelj;2022H1;69 let;181
Črnomelj;2022H1;70 let;199
Črnomelj;2022H1;71 let;189
Črnomelj;2022H1;72 let;178
Črnomelj;2022H1;73 let;153
Črnomelj;2022H1;74 let;142
Črnomelj;2022H1;75 let;128
Črnomelj;2022H1;76 let;74
Črnomelj;2022H1;77 let;88
Črnomelj;2022H1;78 let;87
Črnomelj;2022H1;79 let;94
Črnomelj;2022H1;80 let;80
Črnomelj;2022H1;81 let;87
Črnomelj;2022H1;82 let;87
Črnomelj;2022H1;83 let;77
Črnomelj;2022H1;84 let;72
Črnomelj;2022H1;85 + let;439
Črnomelj;2023H1;Starost - SKUPAJ;14236
Črnomelj;2023H1;0 let;124
Črnomelj;2023H1;1 leto;140
Črnomelj;2023H1;2 leti;137
Črnomelj;2023H1;3 leta;132
Črnomelj;2023H1;4 leta;139
Črnomelj;2023H1;5 let;137
Črnomelj;2023H1;6 let;154
Črnomelj;2023H1;7 let;122
Črnomelj;2023H1;8 let;138
Črnomelj;2023H1;9 let;151
Črnomelj;2023H1;10 let;146
Črnomelj;2023H1;11 let;151
Črnomelj;2023H1;12 let;152
Črnomelj;2023H1;13 let;154
Črnomelj;2023H1;14 let;145
Črnomelj;2023H1;15 let;156
Črnomelj;2023H1;16 let;125
Črnomelj;2023H1;17 let;147
Črnomelj;2023H1;18 let;123
Črnomelj;2023H1;19 let;90
Črnomelj;2023H1;20 let;89
Črnomelj;2023H1;21 let;117
Črnomelj;2023H1;22 let;95
Črnomelj;2023H1;23 let;111
Črnomelj;2023H1;24 let;98
Črnomelj;2023H1;25 let;133
Črnomelj;2023H1;26 let;137
Črnomelj;2023H1;27 let;143
Črnomelj;2023H1;28 let;144
Črnomelj;2023H1;29 let;148
Črnomelj;2023H1;30 let;140
Črnomelj;2023H1;31 let;138
Črnomelj;2023H1;32 let;167
Črnomelj;2023H1;33 let;180
Črnomelj;2023H1;34 let;190
Črnomelj;2023H1;35 let;197
Črnomelj;2023H1;36 let;204
Črnomelj;2023H1;37 let;166
Črnomelj;2023H1;38 let;194
Črnomelj;2023H1;39 let;195
Črnomelj;2023H1;40 let;216
Črnomelj;2023H1;41 let;198
Črnomelj;2023H1;42 let;224
Črnomelj;2023H1;43 let;204
Črnomelj;2023H1;44 let;235
Črnomelj;2023H1;45 let;188
Črnomelj;2023H1;46 let;223
Črnomelj;2023H1;47 let;221
Črnomelj;2023H1;48 let;191
Črnomelj;2023H1;49 let;192
Črnomelj;2023H1;50 let;177
Črnomelj;2023H1;51 let;171
Črnomelj;2023H1;52 let;158
Črnomelj;2023H1;53 let;184
Črnomelj;2023H1;54 let;196
Črnomelj;2023H1;55 let;212
Črnomelj;2023H1;56 let;180
Črnomelj;2023H1;57 let;214
Črnomelj;2023H1;58 let;206
Črnomelj;2023H1;59 let;243
Črnomelj;2023H1;60 let;216
Črnomelj;2023H1;61 let;224
Črnomelj;2023H1;62 let;229
Črnomelj;2023H1;63 let;218
Črnomelj;2023H1;64 let;212
Črnomelj;2023H1;65 let;239
Črnomelj;2023H1;66 let;234
Črnomelj;2023H1;67 let;242
Črnomelj;2023H1;68 let;203
Črnomelj;2023H1;69 let;215
Črnomelj;2023H1;70 let;175
Črnomelj;2023H1;71 let;196
Črnomelj;2023H1;72 let;183
Črnomelj;2023H1;73 let;172
Črnomelj;2023H1;74 let;146
Črnomelj;2023H1;75 let;136
Črnomelj;2023H1;76 let;123
Črnomelj;2023H1;77 let;76
Črnomelj;2023H1;78 let;86
Črnomelj;2023H1;79 let;80
Črnomelj;2023H1;80 let;92
Črnomelj;2023H1;81 let;75
Črnomelj;2023H1;82 let;83
Črnomelj;2023H1;83 let;80
Črnomelj;2023H1;84 let;73
Črnomelj;2023H1;85 + let;446
Črnomelj;2024H1;Starost - SKUPAJ;14232
Črnomelj;2024H1;0 let;118
Črnomelj;2024H1;1 leto;125
Črnomelj;2024H1;2 leti;141
Črnomelj;2024H1;3 leta;136
Črnomelj;2024H1;4 leta;133
Črnomelj;2024H1;5 let;145
Črnomelj;2024H1;6 let;139
Črnomelj;2024H1;7 let;158
Črnomelj;2024H1;8 let;125
Črnomelj;2024H1;9 let;138
Črnomelj;2024H1;10 let;156
Črnomelj;2024H1;11 let;148
Črnomelj;2024H1;12 let;151
Črnomelj;2024H1;13 let;154
Črnomelj;2024H1;14 let;158
Črnomelj;2024H1;15 let;145
Črnomelj;2024H1;16 let;157
Črnomelj;2024H1;17 let;126
Črnomelj;2024H1;18 let;150
Črnomelj;2024H1;19 let;98
Črnomelj;2024H1;20 let;86
Črnomelj;2024H1;21 let;94
Črnomelj;2024H1;22 let;131
Črnomelj;2024H1;23 let;103
Črnomelj;2024H1;24 let;108
Črnomelj;2024H1;25 let;106
Črnomelj;2024H1;26 let;139
Črnomelj;2024H1;27 let;133
Črnomelj;2024H1;28 let;138
Črnomelj;2024H1;29 let;149
Črnomelj;2024H1;30 let;153
Črnomelj;2024H1;31 let;136
Črnomelj;2024H1;32 let;144
Črnomelj;2024H1;33 let;160
Črnomelj;2024H1;34 let;176
Črnomelj;2024H1;35 let;190
Črnomelj;2024H1;36 let;184
Črnomelj;2024H1;37 let;201
Črnomelj;2024H1;38 let;170
Črnomelj;2024H1;39 let;199
Črnomelj;2024H1;40 let;191
Črnomelj;2024H1;41 let;221
Črnomelj;2024H1;42 let;196
Črnomelj;2024H1;43 let;229
Črnomelj;2024H1;44 let;203
Črnomelj;2024H1;45 let;240
Črnomelj;2024H1;46 let;192
Črnomelj;2024H1;47 let;223
Črnomelj;2024H1;48 let;214
Črnomelj;2024H1;49 let;190
Črnomelj;2024H1;50 let;190
Črnomelj;2024H1;51 let;178
Črnomelj;2024H1;52 let;169
Črnomelj;2024H1;53 let;161
Črnomelj;2024H1;54 let;185
Črnomelj;2024H1;55 let;192
Črnomelj;2024H1;56 let;206
Črnomelj;2024H1;57 let;180
Črnomelj;2024H1;58 let;210
Črnomelj;2024H1;59 let;203
Črnomelj;2024H1;60 let;241
Črnomelj;2024H1;61 let;218
Črnomelj;2024H1;62 let;224
Črnomelj;2024H1;63 let;231
Črnomelj;2024H1;64 let;214
Črnomelj;2024H1;65 let;212
Črnomelj;2024H1;66 let;234
Črnomelj;2024H1;67 let;233
Črnomelj;2024H1;68 let;236
Črnomelj;2024H1;69 let;198
Črnomelj;2024H1;70 let;214
Črnomelj;2024H1;71 let;171
Črnomelj;2024H1;72 let;192
Črnomelj;2024H1;73 let;183
Črnomelj;2024H1;74 let;166
Črnomelj;2024H1;75 let;143
Črnomelj;2024H1;76 let;136
Črnomelj;2024H1;77 let;119
Črnomelj;2024H1;78 let;75
Črnomelj;2024H1;79 let;79
Črnomelj;2024H1;80 let;73
Črnomelj;2024H1;81 let;88
Črnomelj;2024H1;82 let;68
Črnomelj;2024H1;83 let;76
Črnomelj;2024H1;84 let;75
Črnomelj;2024H1;85 + let;459
Črnomelj;2025H1;Starost - SKUPAJ;14213
Črnomelj;2025H1;0 let;111
Črnomelj;2025H1;1 leto;114
Črnomelj;2025H1;2 leti;127
Črnomelj;2025H1;3 leta;147
Črnomelj;2025H1;4 leta;135
Črnomelj;2025H1;5 let;134
Črnomelj;2025H1;6 let;141
Črnomelj;2025H1;7 let;138
Črnomelj;2025H1;8 let;157
Črnomelj;2025H1;9 let;128
Črnomelj;2025H1;10 let;139
Črnomelj;2025H1;11 let;154
Črnomelj;2025H1;12 let;147
Črnomelj;2025H1;13 let;153
Črnomelj;2025H1;14 let;154
Črnomelj;2025H1;15 let;159
Črnomelj;2025H1;16 let;144
Črnomelj;2025H1;17 let;158
Črnomelj;2025H1;18 let;126
Črnomelj;2025H1;19 let;126
Črnomelj;2025H1;20 let;89
Črnomelj;2025H1;21 let;87
Črnomelj;2025H1;22 let;101
Črnomelj;2025H1;23 let;132
Črnomelj;2025H1;24 let;113
Črnomelj;2025H1;25 let;108
Črnomelj;2025H1;26 let;114
Črnomelj;2025H1;27 let;139
Črnomelj;2025H1;28 let;137
Črnomelj;2025H1;29 let;139
Črnomelj;2025H1;30 let;141
Črnomelj;2025H1;31 let;149
Črnomelj;2025H1;32 let;128
Črnomelj;2025H1;33 let;146
Črnomelj;2025H1;34 let;162
Črnomelj;2025H1;35 let;168
Črnomelj;2025H1;36 let;199
Črnomelj;2025H1;37 let;185
Črnomelj;2025H1;38 let;200
Črnomelj;2025H1;39 let;169
Črnomelj;2025H1;40 let;205
Črnomelj;2025H1;41 let;197
Črnomelj;2025H1;42 let;212
Črnomelj;2025H1;43 let;205
Črnomelj;2025H1;44 let;226
Črnomelj;2025H1;45 let;206
Črnomelj;2025H1;46 let;240
Črnomelj;2025H1;47 let;197
Črnomelj;2025H1;48 let;224
Črnomelj;2025H1;49 let;214
Črnomelj;2025H1;50 let;189
Črnomelj;2025H1;51 let;191
Črnomelj;2025H1;52 let;182
Črnomelj;2025H1;53 let;171
Črnomelj;2025H1;54 let;165
Črnomelj;2025H1;55 let;183
Črnomelj;2025H1;56 let;188
Črnomelj;2025H1;57 let;204
Črnomelj;2025H1;58 let;180
Črnomelj;2025H1;59 let;209
Črnomelj;2025H1;60 let;203
Črnomelj;2025H1;61 let;233
Črnomelj;2025H1;62 let;222
Črnomelj;2025H1;63 let;223
Črnomelj;2025H1;64 let;233
Črnomelj;2025H1;65 let;210
Črnomelj;2025H1;66 let;209
Črnomelj;2025H1;67 let;227
Črnomelj;2025H1;68 let;225
Črnomelj;2025H1;69 let;236
Črnomelj;2025H1;70 let;200
Črnomelj;2025H1;71 let;210
Črnomelj;2025H1;72 let;171
Črnomelj;2025H1;73 let;192
Črnomelj;2025H1;74 let;177
Črnomelj;2025H1;75 let;159
Črnomelj;2025H1;76 let;138
Črnomelj;2025H1;77 let;132
Črnomelj;2025H1;78 let;120
Črnomelj;2025H1;79 let;72
Črnomelj;2025H1;80 let;75
Črnomelj;2025H1;81 let;72
Črnomelj;2025H1;82 let;85
Črnomelj;2025H1;83 let;68
Črnomelj;2025H1;84 let;74
Črnomelj;2025H1;85 + let;461
Črnomelj;2026H1;Starost - SKUPAJ;14170
Črnomelj;2026H1;0 let;117
Črnomelj;2026H1;1 leto;113
Črnomelj;2026H1;2 leti;114
Črnomelj;2026H1;3 leta;124
Črnomelj;2026H1;4 leta;149
Črnomelj;2026H1;5 let;135
Črnomelj;2026H1;6 let;135
Črnomelj;2026H1;7 let;140
Črnomelj;2026H1;8 let;138
Črnomelj;2026H1;9 let;156
Črnomelj;2026H1;10 let;128
Črnomelj;2026H1;11 let;141
Črnomelj;2026H1;12 let;155
Črnomelj;2026H1;13 let;151
Črnomelj;2026H1;14 let;156
Črnomelj;2026H1;15 let;153
Črnomelj;2026H1;16 let;161
Črnomelj;2026H1;17 let;145
Črnomelj;2026H1;18 let;158
Črnomelj;2026H1;19 let;96
Črnomelj;2026H1;20 let;119
Črnomelj;2026H1;21 let;88
Črnomelj;2026H1;22 let;92
Črnomelj;2026H1;23 let;98
Črnomelj;2026H1;24 let;142
Črnomelj;2026H1;25 let;106
Črnomelj;2026H1;26 let;117
Črnomelj;2026H1;27 let;113
Črnomelj;2026H1;28 let;131
Črnomelj;2026H1;29 let;134
Črnomelj;2026H1;30 let;147
Črnomelj;2026H1;31 let;143
Črnomelj;2026H1;32 let;146
Črnomelj;2026H1;33 let;130
Črnomelj;2026H1;34 let;146
Črnomelj;2026H1;35 let;159
Črnomelj;2026H1;36 let;165
Črnomelj;2026H1;37 let;192
Črnomelj;2026H1;38 let;183
Črnomelj;2026H1;39 let;208
Črnomelj;2026H1;40 let;173
Črnomelj;2026H1;41 let;201
Črnomelj;2026H1;42 let;199
Črnomelj;2026H1;43 let;214
Črnomelj;2026H1;44 let;200
Črnomelj;2026H1;45 let;224
Črnomelj;2026H1;46 let;208
Črnomelj;2026H1;47 let;244
Črnomelj;2026H1;48 let;196
Črnomelj;2026H1;49 let;224
Črnomelj;2026H1;50 let;217
Črnomelj;2026H1;51 let;189
Črnomelj;2026H1;52 let;188
Črnomelj;2026H1;53 let;184
Črnomelj;2026H1;54 let;172
Črnomelj;2026H1;55 let;162
Črnomelj;2026H1;56 let;180
Črnomelj;2026H1;57 let;186
Črnomelj;2026H1;58 let;209
Črnomelj;2026H1;59 let;177
Črnomelj;2026H1;60 let;206
Črnomelj;2026H1;61 let;205
Črnomelj;2026H1;62 let;228
Črnomelj;2026H1;63 let;219
Črnomelj;2026H1;64 let;225
Črnomelj;2026H1;65 let;225
Črnomelj;2026H1;66 let;208
Črnomelj;2026H1;67 let;208
Črnomelj;2026H1;68 let;227
Črnomelj;2026H1;69 let;222
Črnomelj;2026H1;70 let;231
Črnomelj;2026H1;71 let;198
Črnomelj;2026H1;72 let;212
Črnomelj;2026H1;73 let;168
Črnomelj;2026H1;74 let;189
Črnomelj;2026H1;75 let;176
Črnomelj;2026H1;76 let;157
Črnomelj;2026H1;77 let;132
Črnomelj;2026H1;78 let;129
Črnomelj;2026H1;79 let;111
Črnomelj;2026H1;80 let;72
Črnomelj;2026H1;81 let;70
Črnomelj;2026H1;82 let;68
Črnomelj;2026H1;83 let;82
Črnomelj;2026H1;84 let;66
Črnomelj;2026H1;85 + let;465
